id,conversation_id,created_at,date,time,timezone,user_id,username,name,place,tweet,language,mentions,urls,photos,replies_count,retweets_count,likes_count,hashtags,cashtags,link,retweet,quote_url,video,thumbnail,near,geo,source,user_rt_id,user_rt,retweet_id,reply_to,retweet_date,translate,trans_src,trans_dest
1573824510947512321,1573498513312260097,2022-09-24 23:59:38 UTC,2022-09-24,23:59:38,+0000,1269455616986107905,perbowo,Djolleos Tarraballaga,,@bjorkanismreal Bjorka maneh dulur Samsudin ??? Pantes sarua lieurna...ü§£ü§£ü§£ü§£ü§£,in,[],[],[],0,0,1,[],[],https://twitter.com/perbowo/status/1573824510947512321,False,,0,,,,,,,,"[{'screen_name': 'bjorkanismreal', 'name': 'Bjorka', 'id': '1539255007950028800'}]",,,,
1573824293200629760,1573818120741195776,2022-09-24 23:58:46 UTC,2022-09-24,23:58:46,+0000,949155045022474240,ayodipick,bjorka ‚ö°| freetag,,@Ox_Arsyaap Hahaha,tl,[],[],[],0,0,0,[],[],https://twitter.com/Ayodipick/status/1573824293200629760,False,,0,,,,,,,,"[{'screen_name': 'Ox_Arsyaap', 'name': 'BIGWIN$100 September ü§≤üèªü•≥', 'id': '1557913020524679169'}]",,,,
1573824272283635712,1573591567369052162,2022-09-24 23:58:41 UTC,2022-09-24,23:58:41,+0000,1527575938535665665,tebubuka,.¬ø,,"@txtdrpemerintah Duut segitu banyak hanya utk menghadapi seorang bjorka? Valid, kualitas pejabat indonesia sangat buruk. Hampir tidak punya kecerdasan.",in,[],[],[],0,0,0,[],[],https://twitter.com/tebubuka/status/1573824272283635712,False,,0,,,,,,,,"[{'screen_name': 'txtdrpemerintah', 'name': 'txtdaripemerintah', 'id': '1231495733523566592'}]",,,,
1573824253203714048,1573824253203714048,2022-09-24 23:58:36 UTC,2022-09-24,23:58:36,+0000,840405099818049536,callmemasfer,Muhammad Ferdiansyah,,You know it's serious when Muta talked about Bjorka   https://t.co/iybyKaIexV,en,[],['https://youtu.be/PJScFp8BTAA'],[],0,0,2,[],[],https://twitter.com/callmemasfer/status/1573824253203714048,False,,0,,,,,,,,[],,,,
1573824207724904448,1573591567369052162,2022-09-24 23:58:26 UTC,2022-09-24,23:58:26,+0000,61949763,miel_flaneur,‚≠êZVEZDA ‚≠ê,,@txtdrpemerintah MAKIN DIKEPRETIN BJORKA LU KELUARIN 600M,in,[],[],[],0,0,0,[],[],https://twitter.com/miel_flaneur/status/1573824207724904448,False,,0,,,,,,,,"[{'screen_name': 'txtdrpemerintah', 'name': 'txtdaripemerintah', 'id': '1231495733523566592'}]",,,,
1573823601660534784,1573823601660534784,2022-09-24 23:56:01 UTC,2022-09-24,23:56:01,+0000,1016621156806225920,kohonussa_,BJORKA,,"Ajari aku mengampuni, ya Tuhan, agar kami bisa layak mendapatkan pengampunan-Mu.  Markus 11:25 Dan jika kamu berdiri untuk berdoa, ampunilah dahulu sekiranya ada barang sesuatu dalam hatimu terhadap seseorang, supaya juga Bapamu yang di sorga mengampuni kesalahan-kesalahanmu.""  https://t.co/IvrypznpuE",in,[],[],['https://pbs.twimg.com/media/FddYOWiaAAAaxKi.jpg'],1,0,6,[],[],https://twitter.com/kohonussa_/status/1573823601660534784,False,,1,https://pbs.twimg.com/media/FddYOWiaAAAaxKi.jpg,,,,,,,[],,,,
1573823086478381056,1573821724851720192,2022-09-24 23:53:58 UTC,2022-09-24,23:53:58,+0000,1341534462660681730,h4rlyza_3,Bjorka‚ôß freetag üíô,,@prctiu Buburrrr,in,[],[],[],0,0,0,[],[],https://twitter.com/H4rlyza_3/status/1573823086478381056,False,,0,,,,,,,,"[{'screen_name': 'prctiu', 'name': 'Buna‚ô°', 'id': '1053318427639574528'}]",,,,
1573823040239960064,1573498513312260097,2022-09-24 23:53:47 UTC,2022-09-24,23:53:47,+0000,1569598466086813698,cucusumaryani,Cucu Sumaryani,,"@bjorkanismreal bjorka apal ka si samsudin jaddab kah ? ,sebegitu menduniakah udin",in,[],[],[],0,0,0,[],[],https://twitter.com/CucuSumaryani/status/1573823040239960064,False,,0,,,,,,,,"[{'screen_name': 'bjorkanismreal', 'name': 'Bjorka', 'id': '1539255007950028800'}]",,,,
1573823003753791488,1573498513312260097,2022-09-24 23:53:38 UTC,2022-09-24,23:53:38,+0000,1034696938426327041,chrissiedeckerr,iniakuu,,@bjorkanismreal ni org bjorka asli?,in,[],[],[],0,0,0,[],[],https://twitter.com/chrissiedeckerr/status/1573823003753791488,False,,0,,,,,,,,"[{'screen_name': 'bjorkanismreal', 'name': 'Bjorka', 'id': '1539255007950028800'}]",,,,
1573822707195846656,1573650036092973056,2022-09-24 23:52:28 UTC,2022-09-24,23:52:28,+0000,1341534462660681730,h4rlyza_3,Bjorka‚ôß freetag üíô,,@HelmiFelis_ Bener banget...dia aja ga dikenal sok2an,in,[],[],[],0,0,0,[],[],https://twitter.com/H4rlyza_3/status/1573822707195846656,False,,0,,,,,,,,"[{'screen_name': 'HelmiFelis_', 'name': 'Helmi Felis', 'id': '3177957847'}]",,,,
1573822459450511360,1572589784916455427,2022-09-24 23:51:29 UTC,2022-09-24,23:51:29,+0000,1373924239422545920,richard05071997,RICHARD,,@Jokers_why @Bjorkanesianm @kemkominfo Menurut Bjorka menghack akun loe adalah hal yang tidak ada gunanya,in,[],[],[],0,0,0,[],[],https://twitter.com/richard05071997/status/1573822459450511360,False,,0,,,,,,,,"[{'screen_name': 'Jokers_why', 'name': 'Wahyu', 'id': '1557202280319176704'}, {'screen_name': 'Bjorkanesianm', 'name': 'Bjorkanesian', 'id': '1571746196506710017'}, {'screen_name': 'kemkominfo', 'name': 'Kementerian Kominfo', 'id': '177848697'}]",,,,
1573822272724353030,1573087940921937920,2022-09-24 23:50:44 UTC,2022-09-24,23:50:44,+0000,1044629265377980417,mcfleurai,raiüå§,,@Hermosavida_me jokes kaya gini tu gaada matinya ya emg wkwk bjorka from cibaduyutüò≠üò≠üò≠üò≠,in,[],[],[],0,0,0,[],[],https://twitter.com/mcfleurai/status/1573822272724353030,False,,0,,,,,,,,"[{'screen_name': 'Hermosavida_me', 'name': 'üëÅÔ∏èüëÑüëÅÔ∏è', 'id': '762826934'}]",,,,
1573821699656671233,1573821699656671233,2022-09-24 23:48:28 UTC,2022-09-24,23:48:28,+0000,1144015290,queen_spilll,Queen Spill,,Notif Flash Sale #shopee99supershoppingday #shopeehaul #racunshopee #shopeeCOD #Bjorka   https://t.co/2GdvMhcIbV #mutualan,en,[],['https://ift.tt/bxtTW8u'],[],0,0,0,"['shopee99supershoppingday', 'shopeehaul', 'racunshopee', 'shopeecod', 'bjorka', 'mutualan']",[],https://twitter.com/Queen_Spilll/status/1573821699656671233,False,,0,,,,,,,,[],,,,
1573821696465043457,1573821696465043457,2022-09-24 23:48:27 UTC,2022-09-24,23:48:27,+0000,1144015290,queen_spilll,Queen Spill,,Notif Flash Sale #shopee99supershoppingday #shopeehaul #racunshopee #shopeeCOD #Bjorka   https://t.co/keo06HU5kA #mutualan,en,[],['https://ift.tt/YMtSC3c'],[],0,0,0,"['shopee99supershoppingday', 'shopeehaul', 'racunshopee', 'shopeecod', 'bjorka', 'mutualan']",[],https://twitter.com/Queen_Spilll/status/1573821696465043457,False,,0,,,,,,,,[],,,,
1573821692853555200,1573821692853555200,2022-09-24 23:48:26 UTC,2022-09-24,23:48:26,+0000,1144015290,queen_spilll,Queen Spill,,Notif Flash Sale #shopee99supershoppingday #shopeehaul #racunshopee #shopeeCOD #Bjorka   https://t.co/7vKij5Orf8 #mutualan,en,[],['https://ift.tt/LX1AIMm'],[],0,0,0,"['shopee99supershoppingday', 'shopeehaul', 'racunshopee', 'shopeecod', 'bjorka', 'mutualan']",[],https://twitter.com/Queen_Spilll/status/1573821692853555200,False,,0,,,,,,,,[],,,,
1573821476079554560,1573258971036938244,2022-09-24 23:47:34 UTC,2022-09-24,23:47:34,+0000,1341534462660681730,h4rlyza_3,Bjorka‚ôß freetag üíô,,@edz_lozano @kangpromos @metamonopoly @Crypto_LUXX @Venus_Calls Done  https://t.co/YXNOeZItQ7,en,[],[],['https://pbs.twimg.com/media/FddWSnqagAEGzL1.jpg'],0,0,0,[],[],https://twitter.com/H4rlyza_3/status/1573821476079554560,False,,1,https://pbs.twimg.com/media/FddWSnqagAEGzL1.jpg,,,,,,,"[{'screen_name': 'edz_lozano', 'name': 'Geri üê∂üíéüê∂', 'id': '1361234721930289153'}, {'screen_name': 'kangpromos', 'name': 'kang giveaways‚ö°Ô∏è', 'id': '1427210310365040649'}, {'screen_name': 'metamonopoly', 'name': 'Meta Monopoly', 'id': '1475611090159644674'}, {'screen_name': 'Crypto_LUXX', 'name': 'CryptoLUXX', 'id': '1403700260682178567'}, {'screen_name': 'Venus_Calls', 'name': 'VENUS', 'id': '2244301748'}]",,,,
1573821067034243072,1573821067034243072,2022-09-24 23:45:57 UTC,2022-09-24,23:45:57,+0000,1722156152,ghjikrewt,.,,Bjorka project bagian ?,en,[],[],[],0,0,0,[],[],https://twitter.com/ghjikrewt/status/1573821067034243072,False,https://twitter.com/txtdrpemerintah/status/1573591567369052162,0,,,,,,,,[],,,,
1573819800618295297,1573200686136889347,2022-09-24 23:40:55 UTC,2022-09-24,23:40:55,+0000,222696742,sir_pribadi,Pribadi.M.,,@KHFAJARR Dana cair Bjorka hilang........,in,[],[],[],0,0,1,[],[],https://twitter.com/SIR_Pribadi/status/1573819800618295297,False,,0,,,,,,,,"[{'screen_name': 'KHFAJARR', 'name': 'DATUK KESELARASAN BUNGO SETANGKAI', 'id': '278655838'}]",,,,
1573819770906218496,1573554590028812289,2022-09-24 23:40:48 UTC,2022-09-24,23:40:48,+0000,1043712647894450176,sarip_oyong,lengkeng,,@IMCMushroom Bjorka tau aja gimana nambah anggaran.,in,[],[],[],0,0,0,[],[],https://twitter.com/Sarip_oyong/status/1573819770906218496,False,,0,,,,,,,,"[{'screen_name': 'IMCMushroom', 'name': 'Izz Al Wiru üè≥üè≥üè≥', 'id': '744575917'}]",,,,
1573819614748082177,1573819614748082177,2022-09-24 23:40:10 UTC,2022-09-24,23:40:10,+0000,1445458131115384841,midasbuy_id,midasbuy,,Koko pengacara ganteng nih lagi bahas #Bjorka  https://t.co/vsLXo1BIMx,in,[],['https://piliruma.co.id/Berita/nasional/perburuan-peretas-bjorka-yang-sekarang-diidentifikasi-oleh-pemerintah/'],[],0,0,1,['bjorka'],[],https://twitter.com/midasbuy_id/status/1573819614748082177,False,,0,,,,,,,,[],,,,
1573819555222540288,1573819555222540288,2022-09-24 23:39:56 UTC,2022-09-24,23:39:56,+0000,1341534462660681730,h4rlyza_3,Bjorka‚ôß freetag üíô,,Semoga disegerakan,in,[],[],[],0,0,0,[],[],https://twitter.com/H4rlyza_3/status/1573819555222540288,False,,0,,,,,,,,[],,,,
1573819443947642881,1573818935111131137,2022-09-24 23:39:30 UTC,2022-09-24,23:39:30,+0000,1341534462660681730,h4rlyza_3,Bjorka‚ôß freetag üíô,,@prctiu Aamiin,fi,[],[],[],0,0,0,[],[],https://twitter.com/H4rlyza_3/status/1573819443947642881,False,,0,,,,,,,,"[{'screen_name': 'prctiu', 'name': 'Buna‚ô°', 'id': '1053318427639574528'}]",,,,
1573819323516596224,1573525898506211331,2022-09-24 23:39:01 UTC,2022-09-24,23:39:01,+0000,1341534462660681730,h4rlyza_3,Bjorka‚ôß freetag üíô,,@ChubbyPengs @bigwinsiti  @chanceux_snj  ijintag,in,"[{'screen_name': 'chanceux_snj', 'name': 'big wins for meüçÄü§û', 'id': '1450405745371987969'}]",[],[],0,0,0,[],[],https://twitter.com/H4rlyza_3/status/1573819323516596224,False,,0,,,,,,,,"[{'screen_name': 'ChubbyPengs', 'name': 'Chubby Penguins (SOLD OUT)', 'id': '1532507361088249857'}]",,,,
1573819234710216704,1573819234710216704,2022-09-24 23:38:40 UTC,2022-09-24,23:38:40,+0000,1497302647459966978,daywinbet,Daywinbet,,"Info Slot Gacor DAYWINBET Minggu, 25 September 2022  Daftar Sekarang Juga Dan Dapatkan BONUS Menarik DAYWINBET Di  https://t.co/tXFoGBOgSV  #DAYWINBET #DAYWINBETGACOR #Slotgacor #Slotonline #trend #viralindo #bbmnaik #Gempa #Bjorka #hackerbjorka #SAMBO #indonesia #mesum_virall  https://t.co/sJF6fEdyuy",in,[],['http://daywinbet.com/register'],['https://pbs.twimg.com/media/FddUIGPacAAnMQS.jpg'],0,0,0,"['daywinbet', 'daywinbetgacor', 'slotgacor', 'slotonline', 'trend', 'viralindo', 'bbmnaik', 'gempa', 'bjorka', 'hackerbjorka', 'sambo', 'indonesia', 'mesum_virall']",[],https://twitter.com/daywinbet/status/1573819234710216704,False,,1,https://pbs.twimg.com/media/FddUIGPacAAnMQS.jpg,,,,,,,[],,,,
1573819137864142848,1573634519957118976,2022-09-24 23:38:17 UTC,2022-09-24,23:38:17,+0000,1341534462660681730,h4rlyza_3,Bjorka‚ôß freetag üíô,,@kubieth @TropolisClub @Bigwinpaopao  @bismillah_ajja  ijin tag,in,"[{'screen_name': 'bismillah_ajja', 'name': 'üçÄnurasiah nisa‚òòÔ∏è', 'id': '1459847152025288705'}]",[],[],0,0,1,[],[],https://twitter.com/H4rlyza_3/status/1573819137864142848,False,,0,,,,,,,,"[{'screen_name': 'kubieth', 'name': 'KUBI ‚óé', 'id': '133000681'}, {'screen_name': 'TropolisClub', 'name': 'Tropolis Club üåè', 'id': '1487018915754610689'}]",,,,
1573819077399023616,1573207799487729665,2022-09-24 23:38:02 UTC,2022-09-24,23:38:02,+0000,1288329937,westausehat,westausehat,,@bjorkanismreal Juost...... Mas bjorka anti judi,lt,[],[],[],0,0,0,[],[],https://twitter.com/westausehat/status/1573819077399023616,False,,0,,,,,,,,"[{'screen_name': 'bjorkanismreal', 'name': 'Bjorka', 'id': '1539255007950028800'}]",,,,
1573818957538398210,1573688672309878786,2022-09-24 23:37:34 UTC,2022-09-24,23:37:34,+0000,1341534462660681730,h4rlyza_3,Bjorka‚ôß freetag üíô,,@sillyhedgehogs @MonsterlandNFT @eskeboo_  @Widyya95,qam,"[{'screen_name': 'widyya95', 'name': 'widya', 'id': '1450450980374417416'}]",[],[],0,0,0,[],[],https://twitter.com/H4rlyza_3/status/1573818957538398210,False,,0,,,,,,,,"[{'screen_name': 'sillyhedgehogs', 'name': 'SillyHedgehogs ü¶î', 'id': '1537643627769364482'}, {'screen_name': 'MonsterlandNFT', 'name': 'Monsterland | MINT 27 SEPT', 'id': '1548047317743255552'}]",,,,
1573818884523630592,1573475327019749377,2022-09-24 23:37:16 UTC,2022-09-24,23:37:16,+0000,106290477,reza6430,Reza Diharja,,"@CNNIndonesia Sekarang coba dibalik logikanya,   Jgn2 mereka yang sengaja 'menciptakan' Bjorka supaya anggaran ditambah...  Kadangkala memang perlu berpikir terbalik karena utk meluaskan pandangan...",in,[],[],[],0,0,0,[],[],https://twitter.com/Reza6430/status/1573818884523630592,False,,0,,,,,,,,"[{'screen_name': 'CNNIndonesia', 'name': 'CNN Indonesia', 'id': '17128975'}]",,,,
1573818881847984128,1573690182292979712,2022-09-24 23:37:16 UTC,2022-09-24,23:37:16,+0000,1341534462660681730,h4rlyza_3,Bjorka‚ôß freetag üíô,,@sillyhedgehogs @MonsterlandNFT @Nurul2526  @Sudraja96576787,qam,"[{'screen_name': 'sudraja96576787', 'name': 'nobisudra', 'id': '1476754445933244416'}]",[],[],0,0,0,[],[],https://twitter.com/H4rlyza_3/status/1573818881847984128,False,,0,,,,,,,,"[{'screen_name': 'sillyhedgehogs', 'name': 'SillyHedgehogs ü¶î', 'id': '1537643627769364482'}, {'screen_name': 'MonsterlandNFT', 'name': 'Monsterland | MINT 27 SEPT', 'id': '1548047317743255552'}]",,,,
1573818758929747968,1572586450985652224,2022-09-24 23:36:46 UTC,2022-09-24,23:36:46,+0000,1341534462660681730,h4rlyza_3,Bjorka‚ôß freetag üíô,,@HEXGO_NFT @N4FSI2 success for you,en,[],[],[],0,0,0,[],[],https://twitter.com/H4rlyza_3/status/1573818758929747968,False,,0,,,,,,,,"[{'screen_name': 'HEXGO_NFT', 'name': 'HEXGO NFT - OCT 2 üöÄ', 'id': '1489404365018435591'}, {'screen_name': 'N4FSI2', 'name': 'MTRX Nafsi2 ·µÇ·µÄ·¥∂', 'id': '1426632032625496064'}]",,,,
1573817478266101761,1573787806702485506,2022-09-24 23:31:41 UTC,2022-09-24,23:31:41,+0000,1341534462660681730,h4rlyza_3,Bjorka‚ôß freetag üíô,,@CryptoArabNFT @Nurul2526  @Sudraja96576787,qam,"[{'screen_name': 'sudraja96576787', 'name': 'nobisudra', 'id': '1476754445933244416'}]",[],[],0,0,0,[],[],https://twitter.com/H4rlyza_3/status/1573817478266101761,False,,0,,,,,,,,"[{'screen_name': 'CryptoArabNFT', 'name': 'Crypto Arabs', 'id': '1532025869815844865'}]",,,,
1573817262624346112,1573586408849440768,2022-09-24 23:30:50 UTC,2022-09-24,23:30:50,+0000,1341534462660681730,h4rlyza_3,Bjorka‚ôß freetag üíô,,@missufe @Kirkaloo_NFT @Mattblack134 Done  https://t.co/J7wdhTykFU,en,[],[],['https://pbs.twimg.com/media/FddSdYSacAA4Jdh.jpg'],0,0,0,[],[],https://twitter.com/H4rlyza_3/status/1573817262624346112,False,,1,https://pbs.twimg.com/media/FddSdYSacAA4Jdh.jpg,,,,,,,"[{'screen_name': 'missufe', 'name': 'Jihan üå∑', 'id': '1461324154381103112'}, {'screen_name': 'Kirkaloo_NFT', 'name': 'Kirkaloo_NFT', 'id': '1567841451186307072'}, {'screen_name': 'Mattblack134', 'name': 'CryptoDeadPool', 'id': '1343537608811540481'}]",,,,
1573817225513177089,1573200686136889347,2022-09-24 23:30:41 UTC,2022-09-24,23:30:41,+0000,1279828544,harrisdwinov,Harris Dwi,,@KHFAJARR Waduh jangan2 kemunculan Bjorka itu plot twist agar anggaran ini muncul?,in,[],[],[],0,0,0,[],[],https://twitter.com/HarrisDwiNov/status/1573817225513177089,False,,0,,,,,,,,"[{'screen_name': 'KHFAJARR', 'name': 'DATUK KESELARASAN BUNGO SETANGKAI', 'id': '278655838'}]",,,,
1573817173646409728,1573775612283846656,2022-09-24 23:30:28 UTC,2022-09-24,23:30:28,+0000,1341534462660681730,h4rlyza_3,Bjorka‚ôß freetag üíô,,@GiveAwayHost Done  https://t.co/IimkaHHrYZ,en,[],[],['https://pbs.twimg.com/media/FddSYMBacAILcjb.jpg'],0,0,0,[],[],https://twitter.com/H4rlyza_3/status/1573817173646409728,False,,1,https://pbs.twimg.com/media/FddSYMBacAILcjb.jpg,,,,,,,"[{'screen_name': 'GiveAwayHost', 'name': 'Hanabi Crypto ‚òÄÔ∏è', 'id': '1200355745600069635'}]",,,,
1573817089659645952,1573801302915977217,2022-09-24 23:30:08 UTC,2022-09-24,23:30:08,+0000,1341534462660681730,h4rlyza_3,Bjorka‚ôß freetag üíô,,@proofinthedoof @JackBenjaminz Done  https://t.co/HWrhqeZ2ZW,en,[],[],['https://pbs.twimg.com/media/FddSTTaaUAArWal.jpg'],0,0,0,[],[],https://twitter.com/H4rlyza_3/status/1573817089659645952,False,,1,https://pbs.twimg.com/media/FddSTTaaUAArWal.jpg,,,,,,,"[{'screen_name': 'proofinthedoof', 'name': 'ProofintheDoof', 'id': '2820741398'}, {'screen_name': 'JackBenjaminz', 'name': 'JüÖ∞Ô∏èck Benjaminz', 'id': '1110757916372418560'}]",,,,
1573817020231340032,1573810787058995200,2022-09-24 23:29:52 UTC,2022-09-24,23:29:52,+0000,1341534462660681730,h4rlyza_3,Bjorka‚ôß freetag üíô,,@prctiu Done  https://t.co/gsPTR8coY3,en,[],[],['https://pbs.twimg.com/media/FddSPRvaIAAyOhT.jpg'],0,0,0,[],[],https://twitter.com/H4rlyza_3/status/1573817020231340032,False,,1,https://pbs.twimg.com/media/FddSPRvaIAAyOhT.jpg,,,,,,,"[{'screen_name': 'prctiu', 'name': 'Buna‚ô°', 'id': '1053318427639574528'}]",,,,
1573816881924177920,1573753178331688960,2022-09-24 23:29:19 UTC,2022-09-24,23:29:19,+0000,1341534462660681730,h4rlyza_3,Bjorka‚ôß freetag üíô,,@GiveAwayHost @AltCryptoGems Done  https://t.co/3d4wK9TIcF,en,[],[],['https://pbs.twimg.com/media/FddSHNragAAQipT.jpg'],0,0,0,[],[],https://twitter.com/H4rlyza_3/status/1573816881924177920,False,,1,https://pbs.twimg.com/media/FddSHNragAAQipT.jpg,,,,,,,"[{'screen_name': 'GiveAwayHost', 'name': 'Hanabi Crypto ‚òÄÔ∏è', 'id': '1200355745600069635'}, {'screen_name': 'AltCryptoGems', 'name': 'Alt Crypto Gems', 'id': '1372196901936848901'}]",,,,
1573816768686346240,1573809515236950016,2022-09-24 23:28:52 UTC,2022-09-24,23:28:52,+0000,1341534462660681730,h4rlyza_3,Bjorka‚ôß freetag üíô,,@budibongg Pagi uncle,in,[],[],[],0,0,0,[],[],https://twitter.com/H4rlyza_3/status/1573816768686346240,False,,0,,,,,,,,"[{'screen_name': 'budibongg', 'name': 'B/Bong', 'id': '1414905604867452928'}]",,,,
1573816487629815809,1573391321494159361,2022-09-24 23:27:45 UTC,2022-09-24,23:27:45,+0000,1561337329629167616,normandyenjoyer,Yessir,,"@Kurnias44135005 @Bjorkanism03 @bjorkanism Ini bkn akun asli, bjorka dh bilang di telegram klo dia belum bikin akun baru lagi setelah akun ""bjorkanesian"" nya di suspend sama Twitter",in,[],[],[],0,0,0,[],[],https://twitter.com/normandyenjoyer/status/1573816487629815809,False,,0,,,,,,,,"[{'screen_name': 'Kurnias44135005', 'name': 'Kurniasih Nia', 'id': '1569752715848470535'}, {'screen_name': 'Bjorkanism03', 'name': 'BJORKA', 'id': '1572118468371304448'}, {'screen_name': 'bjorkanism', 'name': 'Bjorka', 'id': '1567645546407501826'}]",,,,
1573816418818461697,1573543941370019840,2022-09-24 23:27:28 UTC,2022-09-24,23:27:28,+0000,1341534462660681730,h4rlyza_3,Bjorka‚ôß freetag üíô,,"@kurawa @NajwaShihab Btw..kamu bisa ga lbh ""asyik""dari mbak nana ?dikenal byk orang dan jadi panutan dari ""sebagian""orang lbh menginspirasi lbh kritis dari mba nana?utk orang awam sepertiku aku kenal nazwa shihab..mungkin kamu org hebat tp aku gak kenal",in,[],[],[],0,0,3,[],[],https://twitter.com/H4rlyza_3/status/1573816418818461697,False,,0,,,,,,,,"[{'screen_name': 'kurawa', 'name': 'RUDI VALINKA', 'id': '46651600'}, {'screen_name': 'NajwaShihab', 'name': 'Najwa Shihab', 'id': '16912985'}]",,,,
1573816197811822592,1573559092249264129,2022-09-24 23:26:36 UTC,2022-09-24,23:26:36,+0000,919444317147611136,bankdull70910,PetRus salah comot,,@rahmat_98 Bjorka yang bisa ngelacak,in,[],[],[],0,0,0,[],[],https://twitter.com/bankdull70910/status/1573816197811822592,False,,0,,,,,,,,"[{'screen_name': 'rahmat_98', 'name': 'Rahmat Musa', 'id': '116327236'}]",,,,
1573815509908590592,1573815509908590592,2022-09-24 23:23:52 UTC,2022-09-24,23:23:52,+0000,610669326,moralmarul,|-o-|  (-o-)  |-o-|,,"anyway, Bjorka baru ngapain yak.. kok ilang gak bersisa kayak noda berminyak kena sunlight..",in,[],[],[],0,0,0,[],[],https://twitter.com/MoralMarul/status/1573815509908590592,False,,0,,,,,,,,[],,,,
1573815445945077760,1573815445945077760,2022-09-24 23:23:37 UTC,2022-09-24,23:23:37,+0000,595489319,jawadsyahab,Jawad,,Nemu Bjorka dengan kearifan lokal üôèüèΩüò©üò≠  https://t.co/Pt8c9NpZ7L,in,[],[],[],0,0,0,[],[],https://twitter.com/Jawadsyahab/status/1573815445945077760,False,,1,https://pbs.twimg.com/ext_tw_video_thumb/1573815419055398915/pu/img/YxKnmLire-PGjQtZ.jpg,,,,,,,[],,,,
1573814640509063168,1573531422089961472,2022-09-24 23:20:25 UTC,2022-09-24,23:20:25,+0000,1341534462660681730,h4rlyza_3,Bjorka‚ôß freetag üíô,,@TheBroAMG @ChimpNA Done  https://t.co/7XHCzgQvmn,en,[],[],['https://pbs.twimg.com/media/FddQExGaIAA3Cdd.jpg'],0,0,0,[],[],https://twitter.com/H4rlyza_3/status/1573814640509063168,False,,1,https://pbs.twimg.com/media/FddQExGaIAA3Cdd.jpg,,,,,,,"[{'screen_name': 'TheBroAMG', 'name': 'AMG \uea00', 'id': '1477115399703437323'}, {'screen_name': 'ChimpNA', 'name': 'Chimpy', 'id': '1025770891458826241'}]",,,,
1573814199528357888,1573619835124477952,2022-09-24 23:18:39 UTC,2022-09-24,23:18:39,+0000,1341534462660681730,h4rlyza_3,Bjorka‚ôß freetag üíô,,@missufe Done  https://t.co/ABeovusXJg,en,[],[],['https://pbs.twimg.com/media/FddPrDWaAAAa9FH.jpg'],0,0,0,[],[],https://twitter.com/H4rlyza_3/status/1573814199528357888,False,,1,https://pbs.twimg.com/media/FddPrDWaAAAa9FH.jpg,,,,,,,"[{'screen_name': 'missufe', 'name': 'Jihan üå∑', 'id': '1461324154381103112'}]",,,,
1573814010289721344,1573741149541388288,2022-09-24 23:17:54 UTC,2022-09-24,23:17:54,+0000,1341534462660681730,h4rlyza_3,Bjorka‚ôß freetag üíô,,@cehlos @syan Done  https://t.co/DIplmDwxiV,en,[],[],['https://pbs.twimg.com/media/FddPgENaUAAUjUT.jpg'],0,0,0,[],[],https://twitter.com/H4rlyza_3/status/1573814010289721344,False,,1,https://pbs.twimg.com/media/FddPgENaUAAUjUT.jpg,,,,,,,"[{'screen_name': 'cehlos', 'name': 'CHLS', 'id': '164629019'}, {'screen_name': 'syan', 'name': 'ùòÄùòÜùóÆùóª', 'id': '7145462'}]",,,,
1573813791808114688,1573462140647665664,2022-09-24 23:17:02 UTC,2022-09-24,23:17:02,+0000,527471356,agusarianto9,Agus Arianto,,"@HisyamMochtar Bjorka itu preettt.. Dari awal aq uda faham.. liat aja data yg ditampilkannya, wong list biasa aja gada yg istimewah..",in,[],[],[],0,0,1,[],[],https://twitter.com/AgusArianto9/status/1573813791808114688,False,,0,,,,,,,,"[{'screen_name': 'HisyamMochtar', 'name': 'Hisyam Mochtar', 'id': '853069924956160000'}]",,,,
1573813774997258240,1573813774997258240,2022-09-24 23:16:58 UTC,2022-09-24,23:16:58,+0000,1573654964626370560,bjorkareall,Bjorka,,I've lost some of my accounts!! once again I will fight the Twitter app!!,en,[],[],[],0,0,1,[],[],https://twitter.com/Bjorkareall/status/1573813774997258240,False,,0,,,,,,,,[],,,,
1573813392632315904,1573813392632315904,2022-09-24 23:15:27 UTC,2022-09-24,23:15:27,+0000,1570798222507151367,bjorkaxyz,bjorka üî¥,,"""I'm not saying that I created Pancasila. What I did was just dig deep into our earth, our own traditions, and I found five beautiful pearls.""  #bjorka #indonesia",en,[],[],[],1,0,1,"['bjorka', 'indonesia']",[],https://twitter.com/bjorkaxyz/status/1573813392632315904,False,,0,,,,,,,,[],,,,
1573812878960111616,1573812878960111616,2022-09-24 23:13:25 UTC,2022-09-24,23:13:25,+0000,1570798222507151367,bjorkaxyz,bjorka üî¥,,"""Aku tidak mengatakan, bahwa aku menciptakan Pancasila. Apa yang kukerjakan hanyalah menggali jauh ke dalam bumi kami, tradisi-tradisi kami sendiri, dan aku menemukan lima butir Mutiara yang indah"".  #bjorka #indonesia",in,[],[],[],0,0,0,"['bjorka', 'indonesia']",[],https://twitter.com/bjorkaxyz/status/1573812878960111616,False,,0,,,,,,,,[],,,,
1573812516085706752,1573462140647665664,2022-09-24 23:11:58 UTC,2022-09-24,23:11:58,+0000,469197858,fbx_ar,FBx,,@HisyamMochtar Jangan¬≤ bjorka isue yg mereka buat sendiri utk alasan dana membuat RUU baru perlindungan data pribadi. Ketika isue itu merebak bukan fokus menangkap hackernya. Telat sudah dijebol data baru membuat RUU.,in,[],[],[],0,0,1,[],[],https://twitter.com/Fbx_ar/status/1573812516085706752,False,,0,,,,,,,,"[{'screen_name': 'HisyamMochtar', 'name': 'Hisyam Mochtar', 'id': '853069924956160000'}]",,,,
1573812265702150145,1573812265702150145,2022-09-24 23:10:58 UTC,2022-09-24,23:10:58,+0000,1445458131115384841,midasbuy_id,midasbuy,,"Akun #Bjorka hanya fenomena sesaat, jangan terlalu berlebihan ngefansnya, jgn pula beranggapan akun setengah dewa yang tau segalanya, nikmati dan senyumin aja!  Kecuali mampu membuka data koruptor dan bocornya uang rakyat yang dijadikan bancak  https://t.co/vsLXo1SLOx",in,[],['https://piliruma.co.id/Berita/nasional/perburuan-peretas-bjorka-yang-sekarang-diidentifikasi-oleh-pemerintah/'],[],0,0,1,['bjorka'],[],https://twitter.com/midasbuy_id/status/1573812265702150145,False,,0,,,,,,,,[],,,,
1573811870128971777,1573498513312260097,2022-09-24 23:09:24 UTC,2022-09-24,23:09:24,+0000,99281239,bafarifa,StupidNation,,@bjorkanismreal He is the fu*kin' Bjorka.,en,[],[],[],0,0,0,[],[],https://twitter.com/bafarifa/status/1573811870128971777,False,,0,,,,,,,,"[{'screen_name': 'bjorkanismreal', 'name': 'Bjorka', 'id': '1539255007950028800'}]",,,,
1573811152790102016,1573806624426233856,2022-09-24 23:06:33 UTC,2022-09-24,23:06:33,+0000,3198142350,capparuni,Detektif O'on,,@abu_waras Itu Bjorka? Apa tujuan dia buka ke publik dirinya ‚ÄºÔ∏è aku yakin itu hanya mengalihkan saja. Orangnya ada di sekitar kekuasaan kog.,in,[],[],[],0,0,2,[],[],https://twitter.com/capparuni/status/1573811152790102016,False,,0,,,,,,,,"[{'screen_name': 'abu_waras', 'name': 'Lambe Waras', 'id': '2905814730'}]",,,,
1573810908614139905,1573810908614139905,2022-09-24 23:05:35 UTC,2022-09-24,23:05:35,+0000,452911107,deskydanuaji,suarapantura.com,,"Nyari Harun Masiku Aja Ngga Bisa, Apalagi Bjorka? Mimpi, Desmond Beri Sindiran Menohok Begini  *** Trending : Najwa Iwan Bule Curacao Kribo Oknum Rehan Tidur Mutualan Subuh Rakyat Dyandra Sorn di Indonesia  https://t.co/2Cqq3Yrsdw",in,[],['https://www.suarapantura.com/nasional/pr-2674901730/nyari-harun-masiku-aja-ngga-bisa-apalagi-bjorka-mimpi-desmond-beri-sindiran-menohok-begini'],[],0,0,1,[],[],https://twitter.com/deskydanuaji/status/1573810908614139905,False,,0,,,,,,,,[],,,,
1573810655290761217,1573498513312260097,2022-09-24 23:04:34 UTC,2022-09-24,23:04:34,+0000,1567559149554376705,samsung_yoto,"oto,,,,Sisamsung",,"@karinakarin_n @bjorkanismreal Kan bjorka tampil cuma buat pengalihan kasus sambo,,",in,[],[],[],0,0,0,[],[],https://twitter.com/samsung_yoto/status/1573810655290761217,False,,0,,,,,,,,"[{'screen_name': 'karinakarin_n', 'name': 'Í∞ÄÎ¶∞ - Í¶ÆÍ¶∏Í¶≠Í¶§ÍßÄÍ¶¢Í¶´Í¶∂ üåõ‚ú®', 'id': '3310162423'}, {'screen_name': 'bjorkanismreal', 'name': 'Bjorka', 'id': '1539255007950028800'}]",,,,
1573810637977034753,1573336869949030401,2022-09-24 23:04:30 UTC,2022-09-24,23:04:30,+0000,1238615635,sijeep008,ùñÜùñóùñâùñéùñÜùñìùñôùñî,,@bjorkanismreal Saya tidak yakin kalo ini bjorka real. Hha bjorka jualan kaos di shopee. Gak masuk akal wkwlwk,in,[],[],[],2,0,0,[],[],https://twitter.com/sijeep008/status/1573810637977034753,False,,0,,,,,,,,"[{'screen_name': 'bjorkanismreal', 'name': 'Bjorka', 'id': '1539255007950028800'}]",,,,
1573810330186133504,1573475327019749377,2022-09-24 23:03:17 UTC,2022-09-24,23:03:17,+0000,1571624484897198081,wiseass22,Sandy,,@CNNIndonesia Jgn2 bjorka orang BSSN,in,[],[],[],0,0,0,[],[],https://twitter.com/wiseass22/status/1573810330186133504,False,,0,,,,,,,,"[{'screen_name': 'CNNIndonesia', 'name': 'CNN Indonesia', 'id': '17128975'}]",,,,
1573809940434649088,1573809940434649088,2022-09-24 23:01:44 UTC,2022-09-24,23:01:44,+0000,786627423630716928,xicaborra,Bjorka,,Date idea: Serralves com Luzes todos cegos. Confiem na m√£e,pt,[],[],[],0,0,2,[],[],https://twitter.com/xicaborra/status/1573809940434649088,False,,0,,,,,,,,[],,,,
1573809738806333441,1573498513312260097,2022-09-24 23:00:56 UTC,2022-09-24,23:00:56,+0000,1116281744720666624,kamukitaa_,hai.lifff,,@bjorkanismreal bjorka aslina org bojong soang,in,[],[],[],0,0,0,[],[],https://twitter.com/kamukitaa_/status/1573809738806333441,False,,0,,,,,,,,"[{'screen_name': 'bjorkanismreal', 'name': 'Bjorka', 'id': '1539255007950028800'}]",,,,
1573809716245176321,1573478069976834052,2022-09-24 23:00:50 UTC,2022-09-24,23:00:50,+0000,1550879335426703360,bj0rk4a,Bjorkanism,,@nanogamesio @bj0rk4a  @bj0rk4a  @bj0rk4a  @bj0rk4a  @bj0rk4a  @bj0rk4a  @bj0rk4a  @bj0rk4a  @bj0rk4a  @bj0rk4a  @bj0rk4a  @bj0rk4a  @bj0rk4a  @bj0rk4a  @bj0rk4a  @bj0rk4a  @bj0rk4a  @bj0rk4a  @bj0rk4a  @bj0rk4a  @bj0rk4a  @bj0rk4a  @bj0rk4a  @bj0rk4a  @bj0rk4a  @bj0rk4a  #TRON #Giveaway #TRX,qme,"[{'screen_name': 'bj0rk4a', 'name': 'bjorkanism', 'id': '1550879335426703360'}, {'screen_name': 'bj0rk4a', 'name': 'bjorkanism', 'id': '1550879335426703360'}, {'screen_name': 'bj0rk4a', 'name': 'bjorkanism', 'id': '1550879335426703360'}, {'screen_name': 'bj0rk4a', 'name': 'bjorkanism', 'id': '1550879335426703360'}, {'screen_name': 'bj0rk4a', 'name': 'bjorkanism', 'id': '1550879335426703360'}, {'screen_name': 'bj0rk4a', 'name': 'bjorkanism', 'id': '1550879335426703360'}, {'screen_name': 'bj0rk4a', 'name': 'bjorkanism', 'id': '1550879335426703360'}, {'screen_name': 'bj0rk4a', 'name': 'bjorkanism', 'id': '1550879335426703360'}, {'screen_name': 'bj0rk4a', 'name': 'bjorkanism', 'id': '1550879335426703360'}, {'screen_name': 'bj0rk4a', 'name': 'bjorkanism', 'id': '1550879335426703360'}, {'screen_name': 'bj0rk4a', 'name': 'bjorkanism', 'id': '1550879335426703360'}, {'screen_name': 'bj0rk4a', 'name': 'bjorkanism', 'id': '1550879335426703360'}, {'screen_name': 'bj0rk4a', 'name': 'bjorkanism', 'id': '1550879335426703360'}, {'screen_name': 'bj0rk4a', 'name': 'bjorkanism', 'id': '1550879335426703360'}, {'screen_name': 'bj0rk4a', 'name': 'bjorkanism', 'id': '1550879335426703360'}, {'screen_name': 'bj0rk4a', 'name': 'bjorkanism', 'id': '1550879335426703360'}, {'screen_name': 'bj0rk4a', 'name': 'bjorkanism', 'id': '1550879335426703360'}, {'screen_name': 'bj0rk4a', 'name': 'bjorkanism', 'id': '1550879335426703360'}, {'screen_name': 'bj0rk4a', 'name': 'bjorkanism', 'id': '1550879335426703360'}, {'screen_name': 'bj0rk4a', 'name': 'bjorkanism', 'id': '1550879335426703360'}, {'screen_name': 'bj0rk4a', 'name': 'bjorkanism', 'id': '1550879335426703360'}, {'screen_name': 'bj0rk4a', 'name': 'bjorkanism', 'id': '1550879335426703360'}, {'screen_name': 'bj0rk4a', 'name': 'bjorkanism', 'id': '1550879335426703360'}, {'screen_name': 'bj0rk4a', 'name': 'bjorkanism', 'id': '1550879335426703360'}, {'screen_name': 'bj0rk4a', 'name': 'bjorkanism', 'id': '1550879335426703360'}]",[],[],0,0,0,"['tron', 'giveaway', 'trx']",[],https://twitter.com/bj0rk4a/status/1573809716245176321,False,,0,,,,,,,,"[{'screen_name': 'nanogamesio', 'name': 'NanoGames.io', 'id': '22135690'}]",,,,
1573809416813453312,1573710792364818432,2022-09-24 22:59:39 UTC,2022-09-24,22:59:39,+0000,1458096031422353411,ku2pu,kupukupuku,,"@sutanmangara jangankan nyari bjorka, akun2 yg spt itu banyak dan aman2 aja",in,[],[],[],1,0,4,[],[],https://twitter.com/ku2pu/status/1573809416813453312,False,,0,,,,,,,,"[{'screen_name': 'sutanmangara', 'name': 'Sutan Mangara Harahap', 'id': '1227719379103571968'}]",,,,
1573809031780528129,1573356048559243267,2022-09-24 22:58:07 UTC,2022-09-24,22:58:07,+0000,1514253624180088833,bjorkafake,Domitila Solo,,@GemsScope @TuneCrue @babybossol @P0rs1Ku1i @PACARNYANATA,qam,"[{'screen_name': 'p0rs1ku1i', 'name': 'porgisl vasquez', 'id': '1514251863801352198'}, {'screen_name': 'pacarnyanata', 'name': 'n a t a s', 'id': '1533132578718240768'}]",[],[],0,0,0,[],[],https://twitter.com/BjorkaFake/status/1573809031780528129,False,,0,,,,,,,,"[{'screen_name': 'GemsScope', 'name': 'GemsScope', 'id': '1408048834358427650'}, {'screen_name': 'TuneCrue', 'name': 'Tune Cr√ºe', 'id': '1477874599442325504'}]",,,,
1573808968438194176,1573708371118755840,2022-09-24 22:57:52 UTC,2022-09-24,22:57:52,+0000,1514253624180088833,bjorkafake,Domitila Solo,,@GemsScope @verb_labs @babybossol @P0rs1Ku1i @PACARNYANATA,qam,"[{'screen_name': 'p0rs1ku1i', 'name': 'porgisl vasquez', 'id': '1514251863801352198'}, {'screen_name': 'pacarnyanata', 'name': 'n a t a s', 'id': '1533132578718240768'}]",[],[],0,0,0,[],[],https://twitter.com/BjorkaFake/status/1573808968438194176,False,,0,,,,,,,,"[{'screen_name': 'GemsScope', 'name': 'GemsScope', 'id': '1408048834358427650'}, {'screen_name': 'verb_labs', 'name': 'Verb', 'id': '1474965152634077186'}]",,,,
1573808935907119104,1573808935907119104,2022-09-24 22:57:44 UTC,2022-09-24,22:57:44,+0000,1087876332,karay_yasin,Yasin karay,,"Ya iyalah, Bjorka menjadi alat agar issu Sambo ketutup, sementara data yang di Hecking Bjorka tak jelas apa. Kalau soal KTP, nyari di hotel tempat orang nginap juga bisa ditemuka .",in,[],[],[],0,0,0,[],[],https://twitter.com/karay_yasin/status/1573808935907119104,False,https://twitter.com/UtangJpu/status/1573345620886274048,0,,,,,,,,[],,,,
1573808081372266496,1573391321494159361,2022-09-24 22:54:21 UTC,2022-09-24,22:54:21,+0000,1561337329629167616,normandyenjoyer,Yessir,,@Bjorkanism03 @bjorkanism ya,und,[],[],[],0,0,0,[],[],https://twitter.com/normandyenjoyer/status/1573808081372266496,False,,0,,,,,,,,"[{'screen_name': 'Bjorkanism03', 'name': 'BJORKA', 'id': '1572118468371304448'}, {'screen_name': 'bjorkanism', 'name': 'Bjorka', 'id': '1567645546407501826'}]",,,,
1573807832301916160,1573807832301916160,2022-09-24 22:53:21 UTC,2022-09-24,22:53:21,+0000,1958030425,kantorkejaksaan,hasan,,"wkwkwk abis bilang ke dimas kalo pernah jatoh gegara gapunya rem kiri ""naha atuh gapunya rem? kan bisa ngerem pake kaki, kek naik sepeda.."" random banget ni org Allahu",in,[],[],[],0,0,0,[],[],https://twitter.com/kantorkejaksaan/status/1573807832301916160,False,,0,,,,,,,,[],,,,
1573806688280322048,1573757975067361280,2022-09-24 22:48:49 UTC,2022-09-24,22:48:49,+0000,1573743369271971840,jff77742715,@jff_LW,,@firohhh10 Sejenis bjorka,in,[],[],[],0,0,0,[],[],https://twitter.com/jff77742715/status/1573806688280322048,False,,0,,,,,,,,"[{'screen_name': 'firohhh10', 'name': 'Inisial F', 'id': '1695839474'}]",,,,
1573806624426233856,1573806624426233856,2022-09-24 22:48:33 UTC,2022-09-24,22:48:33,+0000,2905814730,abu_waras,Lambe Waras,,Viral! Bjorka Akhirnya Mengungkap Sendiri Siapa Dirinya. Netizen Pada Shock Karena Ternyata Adalah....,in,[],[],[],103,62,416,[],[],https://twitter.com/abu_waras/status/1573806624426233856,False,https://twitter.com/bjorkanismreal/status/1573498513312260097,0,,,,,,,,[],,,,
1573806549922992133,1573806549922992133,2022-09-24 22:48:16 UTC,2022-09-24,22:48:16,+0000,1144015290,queen_spilll,Queen Spill,,Notif Flash Sale #shopee99supershoppingday #shopeehaul #racunshopee #shopeeCOD #Bjorka   https://t.co/K5t0MF5yBp #mutualan,en,[],['https://ift.tt/Con0x6Q'],[],0,0,0,"['shopee99supershoppingday', 'shopeehaul', 'racunshopee', 'shopeecod', 'bjorka', 'mutualan']",[],https://twitter.com/Queen_Spilll/status/1573806549922992133,False,,0,,,,,,,,[],,,,
1573806547448233986,1573806547448233986,2022-09-24 22:48:15 UTC,2022-09-24,22:48:15,+0000,1144015290,queen_spilll,Queen Spill,,Notif Flash Sale #shopee99supershoppingday #shopeehaul #racunshopee #shopeeCOD #Bjorka   https://t.co/lXQ2SB20Lo #mutualan,en,[],['https://ift.tt/5hQEAgr'],[],0,0,0,"['shopee99supershoppingday', 'shopeehaul', 'racunshopee', 'shopeecod', 'bjorka', 'mutualan']",[],https://twitter.com/Queen_Spilll/status/1573806547448233986,False,,0,,,,,,,,[],,,,
1573806544050855946,1573806544050855946,2022-09-24 22:48:14 UTC,2022-09-24,22:48:14,+0000,1144015290,queen_spilll,Queen Spill,,Notif Flash Sale #shopee99supershoppingday #shopeehaul #racunshopee #shopeeCOD #Bjorka   https://t.co/nsOzlLX1Wc #mutualan,en,[],['https://ift.tt/l9pm5BL'],[],0,0,0,"['shopee99supershoppingday', 'shopeehaul', 'racunshopee', 'shopeecod', 'bjorka', 'mutualan']",[],https://twitter.com/Queen_Spilll/status/1573806544050855946,False,,0,,,,,,,,[],,,,
1573806475239038976,1573806475239038976,2022-09-24 22:47:58 UTC,2022-09-24,22:47:58,+0000,390486344,imasjidponorogo,Sholat_Ponorogo,,DIGITAL ESCAPE? Dari Al Kindi sampai Bjorka ~ Kajian Sains dan Teknologi  https://t.co/4UsEiSruKk via @YouTube,in,"[{'screen_name': 'youtube', 'name': 'youtube', 'id': '10228272'}]",['https://youtu.be/57NNNsQOHrs'],[],0,0,0,[],[],https://twitter.com/iMasjidPonorogo/status/1573806475239038976,False,,0,,,,,,,,[],,,,
1573805451723931649,1573805451723931649,2022-09-24 22:43:54 UTC,2022-09-24,22:43:54,+0000,1131705839293587456,d4d4nglh,#SAVE INDONESIA#,,Anggaran disetujui naik dan UU nya disetujui juga maka Bjorka selesai tugasnya.,in,[],[],[],0,0,1,[],[],https://twitter.com/D4D4NGLH/status/1573805451723931649,False,https://twitter.com/Kopipait__78/status/1573244369200873478,0,,,,,,,,[],,,,
1573805049545129984,1573798086539104257,2022-09-24 22:42:18 UTC,2022-09-24,22:42:18,+0000,3151954471,berlandgroup,PT. BI Group Mining,,Dan ini yg biasa bjorka mainkan @nahdlatululama @Ayang_Utriza @Generasi_MudaNU @HabibluthfiYahy @YahyaCStaquf @Official_Ansor @muannas_alaidid @abirekso @noeruzzaman @na_dirs @ProfylHenuk @ruhutsitompul @ChusnulCh__ @GagakNew @Syarman59 @yunartowijaya @AlissaWahid @pgmoraaji  https://t.co/ChLT4dansA,in,"[{'screen_name': 'nahdlatululama', 'name': 'nahdlatul ulama', 'id': '4279971798'}, {'screen_name': 'ayang_utriza', 'name': 'ayang utriza yakin', 'id': '184007180'}, {'screen_name': 'generasi_mudanu', 'name': 'generasi muda nu', 'id': '946492346459291648'}, {'screen_name': 'habibluthfiyahy', 'name': 'habib luthfi yahya', 'id': '1489691575'}, {'screen_name': 'yahyacstaquf', 'name': 'yahya cholil staquf', 'id': '1469608483058192386'}, {'screen_name': 'official_ansor', 'name': 'gerakan pemuda ansor', 'id': '708615828007034880'}, {'screen_name': 'muannas_alaidid', 'name': 'muannas alaidid, sh, ctl', 'id': '1415953428'}, {'screen_name': 'abirekso', 'name': '#rakyatakalsehat', 'id': '178677359'}, {'screen_name': 'noeruzzaman', 'name': 'kangzaman', 'id': '182216008'}, {'screen_name': 'na_dirs', 'name': 'khazanah gnh', 'id': '3895489933'}, {'screen_name': 'profylhenuk', 'name': '@profyl_henuk', 'id': '1431351756823224321'}, {'screen_name': 'ruhutsitompul', 'name': 'ruhut sitompul', 'id': '219244515'}, {'screen_name': 'chusnulch__', 'name': 'ig chchotimah', 'id': '2928583759'}, {'screen_name': 'gagaknew', 'name': 'sandale_kiyaiüáÆüá©üáÆüá©', 'id': '952820028839088128'}, {'screen_name': 'syarman59', 'name': 'syarman lawyer', 'id': '798901988909907968'}, {'screen_name': 'yunartowijaya', 'name': 'yunarto wijaya', 'id': '89418832'}, {'screen_name': 'alissawahid', 'name': 'alissa wahid', 'id': '108375032'}, {'screen_name': 'pgmoraaji', 'name': 'pengajian gus miftah', 'id': '1157917940659834880'}]",[],"['https://pbs.twimg.com/media/FddHTFxagAAq5BH.jpg', 'https://pbs.twimg.com/media/FddHUNgakAAO47t.jpg', 'https://pbs.twimg.com/media/FddHVD4aMAEEB8s.jpg', 'https://pbs.twimg.com/media/FddHV-zaIAAtT3b.jpg']",0,0,0,[],[],https://twitter.com/BerlandGroup/status/1573805049545129984,False,,1,https://pbs.twimg.com/media/FddHTFxagAAq5BH.jpg,,,,,,,[],,,,
1573803497937838080,1573200686136889347,2022-09-24 22:36:08 UTC,2022-09-24,22:36:08,+0000,1561114562145157120,haris_k_abbas,Haris Kamali,,"@KHFAJARR @maspiyuaja Ooooohhhhhh, jadi Bjorka itu mereka....???",in,[],[],[],0,0,0,[],[],https://twitter.com/haris_k_abbas/status/1573803497937838080,False,,0,,,,,,,,"[{'screen_name': 'KHFAJARR', 'name': 'DATUK KESELARASAN BUNGO SETANGKAI', 'id': '278655838'}, {'screen_name': 'maspiyuaja', 'name': 'Mas Piyu', 'id': '1350872548620201985'}]",,,,
1573803496356323331,1573200686136889347,2022-09-24 22:36:08 UTC,2022-09-24,22:36:08,+0000,2173331119,riefb79,Jual Ginjal Sehat-BUB,,@KHFAJARR @makLambeTurah Bjorka ternyata temenan ma maling,in,[],[],[],0,0,0,[],[],https://twitter.com/riefb79/status/1573803496356323331,False,,0,,,,,,,,"[{'screen_name': 'KHFAJARR', 'name': 'DATUK KESELARASAN BUNGO SETANGKAI', 'id': '278655838'}, {'screen_name': 'makLambeTurah', 'name': 'makLambeTurah#PalingManisü•∞', 'id': '811921004909867008'}]",,,,
1573803119233748992,1573802629565595648,2022-09-24 22:34:38 UTC,2022-09-24,22:34:38,+0000,1958030425,kantorkejaksaan,hasan,,se bacot itu aing????,in,[],[],[],0,0,0,[],[],https://twitter.com/kantorkejaksaan/status/1573803119233748992,False,,0,,,,,,,,[],,,,
1573803062589763584,1573711622618505216,2022-09-24 22:34:24 UTC,2022-09-24,22:34:24,+0000,1958030425,kantorkejaksaan,hasan,,"@radenrauf dapet, dapet hikmahnya",in,[],[],[],0,0,0,[],[],https://twitter.com/kantorkejaksaan/status/1573803062589763584,False,,0,,,,,,,,"[{'screen_name': 'radenrauf', 'name': 'Raden Rauf AM', 'id': '26970305'}]",,,,
1573803020436967424,1573802629565595648,2022-09-24 22:34:14 UTC,2022-09-24,22:34:14,+0000,1958030425,kantorkejaksaan,hasan,, https://t.co/tYI9CnizhR,zxx,[],[],['https://pbs.twimg.com/media/FddFfxbVQAAOa0Q.jpg'],1,0,0,[],[],https://twitter.com/kantorkejaksaan/status/1573803020436967424,False,,1,https://pbs.twimg.com/media/FddFfxbVQAAOa0Q.jpg,,,,,,,[],,,,
1573802703284682752,1512074972214095884,2022-09-24 22:32:58 UTC,2022-09-24,22:32:58,+0000,1958030425,kantorkejaksaan,hasan,,TERNYATA THREAD? orgil,in,[],[],[],0,0,0,[],[],https://twitter.com/kantorkejaksaan/status/1573802703284682752,False,,0,,,,,,,,[],,,,
1573802629565595648,1573802629565595648,2022-09-24 22:32:41 UTC,2022-09-24,22:32:41,+0000,1958030425,kantorkejaksaan,hasan,, https://t.co/IIhsNuwDyZ,zxx,[],[],"['https://pbs.twimg.com/media/FddFH7bUAAAF4VI.jpg', 'https://pbs.twimg.com/media/FddFH7aUcAI_puq.jpg', 'https://pbs.twimg.com/media/FddFH7cVsAA9Ndt.jpg', 'https://pbs.twimg.com/media/FddFH7aUcAEJHXS.jpg']",1,0,0,[],[],https://twitter.com/kantorkejaksaan/status/1573802629565595648,False,,1,https://pbs.twimg.com/media/FddFH7bUAAAF4VI.jpg,,,,,,,[],,,,
1573800799225856000,1512074972214095884,2022-09-24 22:25:24 UTC,2022-09-24,22:25:24,+0000,1958030425,kantorkejaksaan,hasan,,"asli w mendem sendiri, baru ngeluapin semuanyaaaa semuanyaaa, kadang lupa, tapi aslinya inget bangettt huhuüò≠ w dah cukup kaliiiii, kalo ada yang liat w masih kurang aja berarti buang aj mata km:(  draft 2",in,[],[],[],1,0,0,[],[],https://twitter.com/kantorkejaksaan/status/1573800799225856000,False,,0,,,,,,,,[],,,,
1573800780603174912,1573207799487729665,2022-09-24 22:25:20 UTC,2022-09-24,22:25:20,+0000,1570235495585828864,widi0307,widi,,@bjorkanismreal Ini asli bjorka apa kw ya?,in,[],[],[],0,0,0,[],[],https://twitter.com/Widi0307/status/1573800780603174912,False,,0,,,,,,,,"[{'screen_name': 'bjorkanismreal', 'name': 'Bjorka', 'id': '1539255007950028800'}]",,,,
1573800693718450176,1573800693718450176,2022-09-24 22:24:59 UTC,2022-09-24,22:24:59,+0000,1446175457083203584,litdhe,sasa,,gak taunya ternyata bjorka itu suruhan pemerintah buat pengalihan isu,in,[],[],[],0,0,0,[],[],https://twitter.com/litdhe/status/1573800693718450176,False,https://twitter.com/bjorkanismreal/status/1573498513312260097,0,,,,,,,,[],,,,
1573800477354909697,1573800477354909697,2022-09-24 22:24:08 UTC,2022-09-24,22:24:08,+0000,1958030425,kantorkejaksaan,hasan,,mari mengeluarkan draftttt,in,[],[],[],0,0,0,[],[],https://twitter.com/kantorkejaksaan/status/1573800477354909697,False,,0,,,,,,,,[],,,,
1573800456563720194,1573800456563720194,2022-09-24 22:24:03 UTC,2022-09-24,22:24:03,+0000,1958030425,kantorkejaksaan,hasan,,bis main going to you at a speed 493km.  https://t.co/gviPnvsvqg,en,[],[],['https://pbs.twimg.com/media/FddDKGDVIAA0m4b.jpg'],1,0,0,[],[],https://twitter.com/kantorkejaksaan/status/1573800456563720194,False,,1,https://pbs.twimg.com/media/FddDKGDVIAA0m4b.jpg,,,,,,,[],,,,
1573799469727944704,1573799469727944704,2022-09-24 22:20:08 UTC,2022-09-24,22:20:08,+0000,1471408105950834688,qamah149,ISTIQOMAH,,Segitunya ya dana buat hadang bjorka doang.,in,[],[],[],0,0,0,[],[],https://twitter.com/qamah149/status/1573799469727944704,False,https://twitter.com/Tan_Mar3M/status/1573277055839801344,0,,,,,,,,[],,,,
1573798520045285376,1573753089097551873,2022-09-24 22:16:21 UTC,2022-09-24,22:16:21,+0000,1958030425,kantorkejaksaan,hasan,,"@fuckdels puguh gegara putus, ayo ke ikea",in,[],[],[],0,0,0,[],[],https://twitter.com/kantorkejaksaan/status/1573798520045285376,False,,0,,,,,,,,"[{'screen_name': 'fuckdels', 'name': 'post melon', 'id': '1566264634100748288'}]",,,,
1573798086539104257,1573798086539104257,2022-09-24 22:14:38 UTC,2022-09-24,22:14:38,+0000,3151954471,berlandgroup,PT. BI Group Mining,,"Utk melacak keberadaan bjorka ada dmn, selusuri ini @jokowi @kaesangp @kemkominfo @BSSN_RI @DivHumas_Polri @Puspen_TNI @BNPTRI @detikcom @nahdlatululama @Ayang_Utriza @Generasi_MudaNU @HabibluthfiYahy @YahyaCStaquf @Official_Ansor @muannas_alaidid @abirekso @noeruzzaman @na_dirs  https://t.co/4Ixt1TgjNT",in,"[{'screen_name': 'jokowi', 'name': 'joko widodo', 'id': '366987179'}, {'screen_name': 'kaesangp', 'name': '‚Äúkak‚Äù kaesang', 'id': '131476314'}, {'screen_name': 'kemkominfo', 'name': 'kementerian kominfo', 'id': '177848697'}, {'screen_name': 'bssn_ri', 'name': '#jagaruangsiber', 'id': '914395482'}, {'screen_name': 'divhumas_polri', 'name': 'divisi humas polri', 'id': '138290629'}, {'screen_name': 'puspen_tni', 'name': 'pusat penerangan tni', 'id': '594386753'}, {'screen_name': 'bnptri', 'name': 'bnpt #bnpthadir', 'id': '725189208705486849'}, {'screen_name': 'detikcom', 'name': 'detikcom', 'id': '69183155'}, {'screen_name': 'nahdlatululama', 'name': 'nahdlatul ulama', 'id': '4279971798'}, {'screen_name': 'ayang_utriza', 'name': 'ayang utriza yakin', 'id': '184007180'}, {'screen_name': 'generasi_mudanu', 'name': 'generasi muda nu', 'id': '946492346459291648'}, {'screen_name': 'habibluthfiyahy', 'name': 'habib luthfi yahya', 'id': '1489691575'}, {'screen_name': 'yahyacstaquf', 'name': 'yahya cholil staquf', 'id': '1469608483058192386'}, {'screen_name': 'official_ansor', 'name': 'gerakan pemuda ansor', 'id': '708615828007034880'}, {'screen_name': 'muannas_alaidid', 'name': 'muannas alaidid, sh, ctl', 'id': '1415953428'}, {'screen_name': 'abirekso', 'name': '#rakyatakalsehat', 'id': '178677359'}, {'screen_name': 'noeruzzaman', 'name': 'kangzaman', 'id': '182216008'}, {'screen_name': 'na_dirs', 'name': 'khazanah gnh', 'id': '3895489933'}]",[],"['https://pbs.twimg.com/media/FddA-ikaEAIiB79.jpg', 'https://pbs.twimg.com/media/FddA_PSaAAApp-r.jpg', 'https://pbs.twimg.com/media/FddA_1XagAAnq-6.jpg', 'https://pbs.twimg.com/media/FddBAq8aIAAhYFR.jpg']",1,0,0,[],[],https://twitter.com/BerlandGroup/status/1573798086539104257,False,,1,https://pbs.twimg.com/media/FddA-ikaEAIiB79.jpg,,,,,,,[],,,,
1573797480722223104,1573277055839801344,2022-09-24 22:12:13 UTC,2022-09-24,22:12:13,+0000,2646766152,j_mustofa,Sufi Knight,,@Tan_Mar3M Jadi bjorka itu artinya rejeki.,in,[],[],[],0,0,0,[],[],https://twitter.com/J_Mustofa/status/1573797480722223104,False,,0,,,,,,,,"[{'screen_name': 'Tan_Mar3M', 'name': 'KKN-Perjuangan', 'id': '1270980383761330176'}]",,,,
1573797357548097537,1572252523444211712,2022-09-24 22:11:44 UTC,2022-09-24,22:11:44,+0000,709064904523689984,lastkumkum,Mie taste,,@bjorkanismreal WTF..bnyk yg ngaku2 bjorka..aji mumpung yg bsa bhs inggris ngaku2 bjorka..jualan kaos .kmrn2 dia jual data pmrntah..of course he get much money..why now he said want earn money from the shopüòÇ....akun fake,in,[],[],[],0,0,0,[],[],https://twitter.com/lastKumkum/status/1573797357548097537,False,,0,,,,,,,,"[{'screen_name': 'bjorkanismreal', 'name': 'Bjorka', 'id': '1539255007950028800'}]",,,,
1573795587765325824,1573795587765325824,2022-09-24 22:04:42 UTC,2022-09-24,22:04:42,+0000,3430327768,abdurrahim_idn,Abdurrahim,,"BERSATU JATUHKAN OLIGARKI RADIKAL KAPITALIS DAN ATEIS  BJORKA itu (""B""nya : Bersatu ""J""nya : Jatuhkan ""O""nya : Oligarki ""R""nya : Radikalis ""K""nya : Kapitalis dan ""A""nya : Ateis)  Wallahu A'lam  #BJORKA #bjorka #hackerbjorka #bjorkanism",in,[],[],[],0,0,0,"['bjorka', 'bjorka', 'hackerbjorka', 'bjorkanism']",[],https://twitter.com/abdurrahim_idn/status/1573795587765325824,False,,0,,,,,,,,[],,,,
1573794600942116864,1573794600942116864,2022-09-24 22:00:47 UTC,2022-09-24,22:00:47,+0000,1474511851,iamprincessdaw,MotherEarth üöÆ,,"Ada petinggi pemerintahan yang jelas bekerja dan ada yang memang ga benar"" bekerja.  Ngurus hacker bjorka aja ga becus, jangan salah jika waktu itu rakyat lebih membela bjorka. üòÖ",in,[],[],[],0,0,0,[],[],https://twitter.com/iamprincessdaw/status/1573794600942116864,False,,0,,,,,,,,[],,,,
1573793404869574656,1573789763718742016,2022-09-24 21:56:02 UTC,2022-09-24,21:56:02,+0000,116665980,capt_10r174,R174L,,"@antaranews Satu jualan Bjorka, cair Ratusan Milyar Satu jualan Radikal, cair Triliun  Ayooo rakyat pada bayar pajak yg bener ya..",in,[],[],[],0,0,0,[],[],https://twitter.com/capt_10R174/status/1573793404869574656,False,,0,,,,,,,,"[{'screen_name': 'antaranews', 'name': 'antaranews.com', 'id': '18071520'}]",,,,
1573790102027112448,1573462140647665664,2022-09-24 21:42:54 UTC,2022-09-24,21:42:54,+0000,1562768776160247809,rumahcreative69,Rumah kreatif 69,,@HisyamMochtar lagu lama nih...negeri penuh rekayasa..sp itu Bjorka ...lumayan itu uang segede gaban...klo buat beli cendol..banjir itu kantor BSSN...,in,[],[],[],0,0,0,[],[],https://twitter.com/rumahcreative69/status/1573790102027112448,False,,0,,,,,,,,"[{'screen_name': 'HisyamMochtar', 'name': 'Hisyam Mochtar', 'id': '853069924956160000'}]",,,,
1573789247156649984,1573498513312260097,2022-09-24 21:39:30 UTC,2022-09-24,21:39:30,+0000,1557389282884861952,ayu24074846,ayu,,@bjorkanismreal Menangis aku bjorka ternyata Samsudin wkw,in,[],[],[],0,0,0,[],[],https://twitter.com/ayu24074846/status/1573789247156649984,False,,0,,,,,,,,"[{'screen_name': 'bjorkanismreal', 'name': 'Bjorka', 'id': '1539255007950028800'}]",,,,
1573788915319787521,1573498513312260097,2022-09-24 21:38:11 UTC,2022-09-24,21:38:11,+0000,1496760888216670215,yudiabufillah,Yudi Abu Fillah,,@bjorkanismreal Teruslah berjuang bjorka. Luruskan niatmu untuk membongkar kebusukan para penghianat bangsa.,in,[],[],[],0,0,0,[],[],https://twitter.com/yudiabufillah/status/1573788915319787521,False,,0,,,,,,,,"[{'screen_name': 'bjorkanismreal', 'name': 'Bjorka', 'id': '1539255007950028800'}]",,,,
1573788664772980736,1573788664772980736,2022-09-24 21:37:11 UTC,2022-09-24,21:37:11,+0000,1443472783229419529,atelevenpm,intan,,Hemm..  Bjorka salah langkah? Atau bjorka drama pemerintah? üôÉ,in,[],[],[],0,0,0,[],[],https://twitter.com/atelevenpm/status/1573788664772980736,False,https://twitter.com/KHFAJARR/status/1573200686136889347,0,,,,,,,,[],,,,
1573788292038164480,1573391321494159361,2022-09-24 21:35:43 UTC,2022-09-24,21:35:43,+0000,1569752715848470535,kurnias44135005,Kurniasih Nia,,@Bjorkanism03 @bjorkanism Mana... Kata nya mau ada surprise???? Udah berapa hari ini?? Bjorka KW loe ini,in,[],[],[],0,0,1,[],[],https://twitter.com/Kurnias44135005/status/1573788292038164480,False,,0,,,,,,,,"[{'screen_name': 'Bjorkanism03', 'name': 'BJORKA', 'id': '1572118468371304448'}, {'screen_name': 'bjorkanism', 'name': 'Bjorka', 'id': '1567645546407501826'}]",,,,
1573788066095198209,1573391321494159361,2022-09-24 21:34:49 UTC,2022-09-24,21:34:49,+0000,1569752715848470535,kurnias44135005,Kurniasih Nia,,@Bjorkanism03 @bjorkanism Bjorka.. Kok bego banget sich loe... Bahasa loe itu gak jelas. Lama banget kagak nongol. Apa takut kena tangkap ya??,in,[],[],[],1,0,0,[],[],https://twitter.com/Kurnias44135005/status/1573788066095198209,False,,0,,,,,,,,"[{'screen_name': 'Bjorkanism03', 'name': 'BJORKA', 'id': '1572118468371304448'}, {'screen_name': 'bjorkanism', 'name': 'Bjorka', 'id': '1567645546407501826'}]",,,,
1573787081616543744,1573787081616543744,2022-09-24 21:30:54 UTC,2022-09-24,21:30:54,+0000,1519731465747329025,bjorkanesian__,Bjorka,,I hope your twitter account will last until next month @puanmaharani_ri,en,"[{'screen_name': 'puanmaharani_ri', 'name': 'puan maharani', 'id': '1410866743271051267'}]",[],[],0,6,87,[],[],https://twitter.com/Bjorkanesian__/status/1573787081616543744,False,,0,,,,,,,,[],,,,
1573786785355685889,1573591567369052162,2022-09-24 21:29:43 UTC,2022-09-24,21:29:43,+0000,99042163,jindanjune,üÖπüÖ∏-üÖæ,,@txtdrpemerintah Tujuan bjorka ya ini. Biar bssn dapet duit,in,[],[],[],0,0,0,[],[],https://twitter.com/jindanjune/status/1573786785355685889,False,,0,,,,,,,,"[{'screen_name': 'txtdrpemerintah', 'name': 'txtdaripemerintah', 'id': '1231495733523566592'}]",,,,
1573786447978516480,1573498513312260097,2022-09-24 21:28:23 UTC,2022-09-24,21:28:23,+0000,3310162423,karinakarin_n,Í∞ÄÎ¶∞ - Í¶ÆÍ¶∏Í¶≠Í¶§ÍßÄÍ¶¢Í¶´Í¶∂ üåõ‚ú®,,"@bjorkanismreal LOL üòÇüòÇüòÇ Kesalahan terbesar pemerintah adl : Indonesia punya banyak Bjorka, tp mereka gak sediain tempat utk berkembang. Katanya Indonesia punya lembaga namanya Kominfo. Tapi di kominfo gak ada yg bisa secure data dan celah buat dibobol. Jd, sebenernya lembaga itu buat apa?",in,[],[],[],33,21,562,[],[],https://twitter.com/karinakarin_n/status/1573786447978516480,False,,0,,,,,,,,"[{'screen_name': 'bjorkanismreal', 'name': 'Bjorka', 'id': '1539255007950028800'}]",,,,
1573785096590884864,1571939350191149056,2022-09-24 21:23:01 UTC,2022-09-24,21:23:01,+0000,304792268,alphachernar,Êô¥„Çå„ÇÑ„ÅÅ„Å™,,@bjorkanismreal Too much use weird emoticon but claim u r the original bjorka? It's rly funny to see you grab the hype so fast and lying around. Goodluck to scam the fools dear ü§°üß°,en,[],[],[],0,0,0,[],[],https://twitter.com/alphachernar/status/1573785096590884864,False,,0,,,,,,,,"[{'screen_name': 'bjorkanismreal', 'name': 'Bjorka', 'id': '1539255007950028800'}]",,,,
1573784676296142848,1573591567369052162,2022-09-24 21:21:20 UTC,2022-09-24,21:21:20,+0000,1181918956833009665,cheesefiee,cipüêæ,,@kiaatechu @txtdrpemerintah bjorka adalah buzzer,in,[],[],[],0,0,1,[],[],https://twitter.com/cheesefiee/status/1573784676296142848,False,,0,,,,,,,,"[{'screen_name': 'kiaatechu', 'name': 'Kia chan butuh vitaseaa üèñ', 'id': '1269190710407774208'}, {'screen_name': 'txtdrpemerintah', 'name': 'txtdaripemerintah', 'id': '1231495733523566592'}]",,,,
1573784266722275328,1570748437024608257,2022-09-24 21:19:43 UTC,2022-09-24,21:19:43,+0000,1567247213591670784,ginjurz,Ginjur Schatzie,,@cat_bulbul @bjorkanism  https://t.co/fyApv2tOI5,qme,[],['https://youtube.com/watch?v=4cdFuTqTEew&feature=share&utm_source=EKLEiJECCKjOmKnC5IiRIQ'],[],0,0,0,[],[],https://twitter.com/Ginjurz/status/1573784266722275328,False,,0,,,,,,,,"[{'screen_name': 'cat_bulbul', 'name': 'Muezza', 'id': '1117777841909690368'}, {'screen_name': 'bjorkanism', 'name': 'Bjorka', 'id': '1567645546407501826'}]",,,,
1573784063659282432,1571462559701815297,2022-09-24 21:18:54 UTC,2022-09-24,21:18:54,+0000,1567247213591670784,ginjurz,Ginjur Schatzie,,@tahucampur58 @bjorkanism @bjorkanesia  https://t.co/fyApv2tOI5,qme,[],['https://youtube.com/watch?v=4cdFuTqTEew&feature=share&utm_source=EKLEiJECCKjOmKnC5IiRIQ'],[],0,0,0,[],[],https://twitter.com/Ginjurz/status/1573784063659282432,False,,0,,,,,,,,"[{'screen_name': 'tahucampur58', 'name': 'TAHUCAMPUR üáÆüá©', 'id': '1567670078455558144'}, {'screen_name': 'bjorkanism', 'name': 'Bjorka', 'id': '1567645546407501826'}, {'screen_name': 'bjorkanesia', 'name': 'Rezim Idiot üß†ü¶ê', 'id': '1185184201106001920'}]",,,,
1573783883040145409,1573783883040145409,2022-09-24 21:18:11 UTC,2022-09-24,21:18:11,+0000,786627423630716928,xicaborra,Bjorka,,ü•µFicam doidos  https://t.co/8pIZs0h9VI,pt,[],[],['https://pbs.twimg.com/media/Fdc0GRDXwAA64XO.jpg'],4,0,17,[],[],https://twitter.com/xicaborra/status/1573783883040145409,False,,1,https://pbs.twimg.com/media/Fdc0GRDXwAA64XO.jpg,,,,,,,[],,,,
1573780697109565440,1573780697109565440,2022-09-24 21:05:32 UTC,2022-09-24,21:05:32,+0000,1573764486552428544,sansan_a7x,Sansan_a7x,,I don't want to interfere in this matter..  @bjorkanism  https://t.co/N9rJwWDw2H,en,"[{'screen_name': 'bjorkanism', 'name': 'bjorka', 'id': '1567645546407501826'}]",[],['https://pbs.twimg.com/media/FdcxErdaAAAdiYh.jpg'],0,0,1,[],[],https://twitter.com/sansan_a7x/status/1573780697109565440,False,,1,https://pbs.twimg.com/media/FdcxErdaAAAdiYh.jpg,,,,,,,[],,,,
1573776441413668865,1573776441413668865,2022-09-24 20:48:37 UTC,2022-09-24,20:48:37,+0000,1144015290,queen_spilll,Queen Spill,,Notif Flash Sale #shopee99supershoppingday #shopeehaul #racunshopee #shopeeCOD #Bjorka   https://t.co/pauCUq3ich #mutualan,en,[],['https://ift.tt/bGC32nE'],[],0,0,0,"['shopee99supershoppingday', 'shopeehaul', 'racunshopee', 'shopeecod', 'bjorka', 'mutualan']",[],https://twitter.com/Queen_Spilll/status/1573776441413668865,False,,0,,,,,,,,[],,,,
1573776439538864129,1573776439538864129,2022-09-24 20:48:37 UTC,2022-09-24,20:48:37,+0000,1144015290,queen_spilll,Queen Spill,,Notif Flash Sale #shopee99supershoppingday #shopeehaul #racunshopee #shopeeCOD #Bjorka   https://t.co/OTrdN55gsO #mutualan,en,[],['https://ift.tt/fCq3kxy'],[],0,0,0,"['shopee99supershoppingday', 'shopeehaul', 'racunshopee', 'shopeecod', 'bjorka', 'mutualan']",[],https://twitter.com/Queen_Spilll/status/1573776439538864129,False,,0,,,,,,,,[],,,,
1573776437525504000,1573776437525504000,2022-09-24 20:48:36 UTC,2022-09-24,20:48:36,+0000,1144015290,queen_spilll,Queen Spill,,Notif Flash Sale #shopee99supershoppingday #shopeehaul #racunshopee #shopeeCOD #Bjorka   https://t.co/zuXjWRbAMv #mutualan,en,[],['https://ift.tt/nPTJNBX'],[],0,0,0,"['shopee99supershoppingday', 'shopeehaul', 'racunshopee', 'shopeecod', 'bjorka', 'mutualan']",[],https://twitter.com/Queen_Spilll/status/1573776437525504000,False,,0,,,,,,,,[],,,,
1573776042682105856,1573458278171934728,2022-09-24 20:47:02 UTC,2022-09-24,20:47:02,+0000,1070798687327186945,karinbahary2,üç¨Marsmelowüç¨,,@6undul0h Gila cuma mau lawan BJORKA doang Smpe mau ngabisin ratusan miliar Gak kira2,in,[],[],[],1,0,0,[],[],https://twitter.com/Karinbahary2/status/1573776042682105856,False,,0,,,,,,,,"[{'screen_name': '6undul0h', 'name': 'Gunawan ( GUndul meNAWAN )', 'id': '1333787814069039108'}]",,,,
1573775261321027584,1573775261321027584,2022-09-24 20:43:56 UTC,2022-09-24,20:43:56,+0000,1378702037156732933,radarstrend,TrendRadars,,"Bjorka, the Online Hacker Trying To Take Down the Indonesian¬†Government  https://t.co/q8VmSRTo6a",en,[],['https://www.trendradars.com/world/uk/article-269090-bjorka-the-online-hacker-trying-to-take-down-the-indonesian-government/'],[],0,0,0,[],[],https://twitter.com/RadarsTrend/status/1573775261321027584,False,,0,,,,,,,,[],,,,
1573775155536732161,1573775155536732161,2022-09-24 20:43:31 UTC,2022-09-24,20:43:31,+0000,71215672,buds_bunny,üÖ±üÜÑüÖ≥üÜÇ üÖ±üÜÑüÖΩüÖΩüÜà,,Bjorka hilang ujungnya turun anggaran?...,in,[],[],[],0,0,0,[],[],https://twitter.com/buds_bunny/status/1573775155536732161,False,https://twitter.com/KHFAJARR/status/1573200686136889347,0,,,,,,,,[],,,,
1573769502969700352,1573701675520782337,2022-09-24 20:21:03 UTC,2022-09-24,20:21:03,+0000,1311978199803289600,less__rice,‚ú´‚ò†Ô∏è‚ú∞Acul didn't wake up‚ú¨‚ò†Ô∏è‚ú≠,,@catanismm Sicko bagi duo by ian connor feat bjorka  https://t.co/v6gEPdecHG,en,[],[],['https://pbs.twimg.com/media/FdcnBUNaAAAwxsK.jpg'],0,0,0,[],[],https://twitter.com/less__rice/status/1573769502969700352,False,,1,https://pbs.twimg.com/media/FdcnBUNaAAAwxsK.jpg,,,,,,,"[{'screen_name': 'catanismm', 'name': 'üñ§jejuüñ§', 'id': '1069728934927847424'}]",,,,
1573768643573227522,1573498513312260097,2022-09-24 20:17:38 UTC,2022-09-24,20:17:38,+0000,1564314305389948930,acedontneedgod,accee,,"@bjorkanismreal pura pura jadi dukun padahal sebenernya bjorka, btw apakah mas mas ini akan jadi target polisi selanjutnya?  https://t.co/G8iJrm4nVh",in,[],[],['https://pbs.twimg.com/media/FdcmPKzaIAAGiND.jpg'],0,0,0,[],[],https://twitter.com/acedontneedGod/status/1573768643573227522,False,,1,https://pbs.twimg.com/media/FdcmPKzaIAAGiND.jpg,,,,,,,"[{'screen_name': 'bjorkanismreal', 'name': 'Bjorka', 'id': '1539255007950028800'}]",,,,
1573766898277240832,1573602239616524288,2022-09-24 20:10:42 UTC,2022-09-24,20:10:42,+0000,1121810046151577611,mr_ladusingh,Security_TL,,"@papa_loren Ini harusnya di gas lg sih sama netijen, gara2 pengalihan isu dr bjorka &amp; isu2 lain nya malah tetiba begini hasilnya.  Kopet",in,[],[],[],0,0,0,[],[],https://twitter.com/Mr_Ladusingh/status/1573766898277240832,False,,0,,,,,,,,"[{'screen_name': 'papa_loren', 'name': 'Papa Loren', 'id': '1466651308102877187'}]",,,,
1573764385054478336,1573764385054478336,2022-09-24 20:00:43 UTC,2022-09-24,20:00:43,+0000,1552344871817469953,dewasijicare,Dewasiji,,RESULT TOGEL VILLARREAL - 6821 LINK DEWASIJI :  https://t.co/tz9PQysiJD WHATSAPP :  https://t.co/GntHlhiJpE SLOT GACOR 338xbet  13.215.119.217 #bocoranhk #togel #bocoransdy #bocoransgp #bandartogel #RESULT #shorts #internetdown #hasil #bocoran #prediksi #dewasiji #bjorka  https://t.co/OaxgEirokf,en,[],"['http://magic.ly/sijidewa', 'http://wa.me/082112496657']",['https://pbs.twimg.com/media/FdciWxzVsAAdFsL.jpg'],0,0,0,"['bocoranhk', 'togel', 'bocoransdy', 'bocoransgp', 'bandartogel', 'result', 'shorts', 'internetdown', 'hasil', 'bocoran', 'prediksi', 'dewasiji', 'bjorka']",[],https://twitter.com/dewasijicare/status/1573764385054478336,False,,1,https://pbs.twimg.com/media/FdciWxzVsAAdFsL.jpg,,,,,,,[],,,,
1573764167328092160,1573464878391562240,2022-09-24 19:59:51 UTC,2022-09-24,19:59:51,+0000,1482419444647620610,sastra1818,asep suparman,,@bjorkanismreal Wilujeung enjing ujank bjorka‚ò∫Ô∏è,in,[],[],[],0,0,0,[],[],https://twitter.com/sasTra1818/status/1573764167328092160,False,,0,,,,,,,,"[{'screen_name': 'bjorkanismreal', 'name': 'Bjorka', 'id': '1539255007950028800'}]",,,,
1573763673608200192,1573742472647573504,2022-09-24 19:57:53 UTC,2022-09-24,19:57:53,+0000,1320480269866946560,stanley90949454,Stanley,,@itsyourbbyx Jadi ternyata ini wajah asli bjorka wkwk,in,[],[],[],1,0,0,[],[],https://twitter.com/Stanley90949454/status/1573763673608200192,False,,0,,,,,,,,"[{'screen_name': 'itsyourbbyx', 'name': 'cuddlepop', 'id': '1463607692530909187'}]",,,,
1573762887335653377,1573314706487525376,2022-09-24 19:54:46 UTC,2022-09-24,19:54:46,+0000,796246909090349057,masbudiharyanto,Engkoh Bunbun,,@giginpraginanto Abis event Indosec kayaknya Bjorka muncul ya ?,in,[],[],[],0,0,0,[],[],https://twitter.com/masbudiharyanto/status/1573762887335653377,False,,0,,,,,,,,"[{'screen_name': 'giginpraginanto', 'name': 'gigin praginanto', 'id': '296177546'}]",,,,
1573761228656283649,1573761228656283649,2022-09-24 19:48:10 UTC,2022-09-24,19:48:10,+0000,1144015290,queen_spilll,Queen Spill,,Notif Flash Sale #shopee99supershoppingday #shopeehaul #racunshopee #shopeeCOD #Bjorka   https://t.co/4T3Jx7XB8l #mutualan,en,[],['https://ift.tt/sScpD2T'],[],0,0,0,"['shopee99supershoppingday', 'shopeehaul', 'racunshopee', 'shopeecod', 'bjorka', 'mutualan']",[],https://twitter.com/Queen_Spilll/status/1573761228656283649,False,,0,,,,,,,,[],,,,
1573761224629706761,1573761224629706761,2022-09-24 19:48:09 UTC,2022-09-24,19:48:09,+0000,1144015290,queen_spilll,Queen Spill,,Notif Flash Sale #shopee99supershoppingday #shopeehaul #racunshopee #shopeeCOD #Bjorka   https://t.co/mjVSTyDEHT #mutualan,en,[],['https://ift.tt/qKaCHPd'],[],0,0,0,"['shopee99supershoppingday', 'shopeehaul', 'racunshopee', 'shopeecod', 'bjorka', 'mutualan']",[],https://twitter.com/Queen_Spilll/status/1573761224629706761,False,,0,,,,,,,,[],,,,
1573761220418699270,1573761220418699270,2022-09-24 19:48:08 UTC,2022-09-24,19:48:08,+0000,1144015290,queen_spilll,Queen Spill,,Notif Flash Sale #shopee99supershoppingday #shopeehaul #racunshopee #shopeeCOD #Bjorka   https://t.co/QfId0qG1Mr #mutualan,en,[],['https://ift.tt/kSlcn1A'],[],0,0,0,"['shopee99supershoppingday', 'shopeehaul', 'racunshopee', 'shopeecod', 'bjorka', 'mutualan']",[],https://twitter.com/Queen_Spilll/status/1573761220418699270,False,,0,,,,,,,,[],,,,
1573760422242832384,1573638644111319046,2022-09-24 19:44:58 UTC,2022-09-24,19:44:58,+0000,97802116,yusuf_aq76,Sang Wayang,,@Donny__Wardhana @Phothel1 @ekowboy2 Ini kan si photo bjorka,in,[],[],[],0,0,0,[],[],https://twitter.com/yusuf_aq76/status/1573760422242832384,False,,0,,,,,,,,"[{'screen_name': 'Donny__Wardhana', 'name': 'DONNY WARDHANA', 'id': '1240630203757367297'}, {'screen_name': 'Phothel1', 'name': 'Phothel', 'id': '1390291917833859073'}, {'screen_name': 'ekowboy2', 'name': 'üÑ¥üÑ∫üÑæ üÖÜüÑ∏üÑ≥üÑæüÑ≥üÑæ', 'id': '1006827831995711488'}]",,,,
1573759777259151360,1573666390195650560,2022-09-24 19:42:24 UTC,2022-09-24,19:42:24,+0000,1291386252504084481,a4our_,√¶mpat¬∞,,@LJasaHackAkun @garagarabola_ Hack BJORKA donk..,in,[],[],[],0,0,0,[],[],https://twitter.com/a4our_/status/1573759777259151360,False,,0,,,,,,,,"[{'screen_name': 'LJasaHackAkun', 'name': 'JASA SADAP', 'id': '1531487852772478976'}, {'screen_name': 'garagarabola_', 'name': 'GARAGARABOLA', 'id': '1042719651250110464'}]",,,,
1573759332239683584,1573621142870323200,2022-09-24 19:40:38 UTC,2022-09-24,19:40:38,+0000,1535284580902531073,longsosumiati,severagrim,,"@dikunciel @KPK_RI @OmbudsmanRI137 Wahhhh,,, knapa tiba tiba u ngedukung bjorka bang,,, perasaan kemarin ada Tweet u yg belum ngedukung??",in,[],[],[],1,0,0,[],[],https://twitter.com/LongsoSumiati/status/1573759332239683584,False,,0,,,,,,,,"[{'screen_name': 'dikunciel', 'name': 'EL', 'id': '70089990'}, {'screen_name': 'KPK_RI', 'name': 'KPK', 'id': '104714478'}, {'screen_name': 'OmbudsmanRI137', 'name': 'Ombudsman RI', 'id': '125923625'}]",,,,
1573758709687234560,1573758709687234560,2022-09-24 19:38:10 UTC,2022-09-24,19:38:10,+0000,1958030425,kantorkejaksaan,hasan,,"km lagi lucu bgt, stres y?",in,[],[],[],1,0,0,[],[],https://twitter.com/kantorkejaksaan/status/1573758709687234560,False,,0,,,,,,,,[],,,,
1573758010077609984,1573758010077609984,2022-09-24 19:35:23 UTC,2022-09-24,19:35:23,+0000,1566120575348527104,babongkong_kezo,DeNz Gagang,,Respect  #Bjorka,en,[],[],[],0,0,0,['bjorka'],[],https://twitter.com/Babongkong_Kezo/status/1573758010077609984,False,,0,,,,,,,,[],,,,
1573756865040850945,1573605950539583488,2022-09-24 19:30:50 UTC,2022-09-24,19:30:50,+0000,429669755,islamiharsad,Slam,,@darkeufelix Bjorka üòÇ,is,[],[],[],0,0,0,[],[],https://twitter.com/IslamiHarsad/status/1573756865040850945,False,,0,,,,,,,,"[{'screen_name': 'darkeufelix', 'name': 'raden', 'id': '853623935929270272'}]",,,,
