id,conversation_id,created_at,date,time,timezone,user_id,username,name,place,tweet,language,mentions,urls,photos,replies_count,retweets_count,likes_count,hashtags,cashtags,link,retweet,quote_url,video,thumbnail,near,geo,source,user_rt_id,user_rt,retweet_id,reply_to,retweet_date,translate,trans_src,trans_dest
1573632221764026368,1573632215032168453,2022-09-24 11:15:32 UTC,2022-09-24,11:15:32,+0000,902385054336167937,fmb9id_,#FMB9ID,,"Di tengah maraknya isu soal peretasan dan penyebaran data pribadi secara masif, kabar ini tentu menjadi angin segar dan memberikan payung hukum baru bagi perlindungan data pribadi di Indonesia.",in,[],[],[],1,0,0,[],[],https://twitter.com/FMB9ID_/status/1573632221764026368,False,,0,,,,,,,,[],,,,
1573628320591364098,1573628320591364098,2022-09-24 11:00:02 UTC,2022-09-24,11:00:02,+0000,1331488801877749762,advkonstitusi,advokatkonstitusi,,Pada hari Sabtu (10/9/2022) peretas Bjorka kembali kembali menghebohkan masyarakat melalui  pengungkapan dan penyebarluasan data pribadi (doxing) milik sejumlah tokoh. #hacker #hackerbjorka #PeretasanDataPribadi #PerlindunganDataPribadi   https://t.co/OwnHSi54iu,in,[],['https://advokatkonstitusi.com/viral-serangan-doxing-bjorkanism-berikut-aturan-hukumnya/'],[],0,0,1,"['hacker', 'hackerbjorka', 'peretasandatapribadi', 'perlindungandatapribadi']",[],https://twitter.com/advkonstitusi/status/1573628320591364098,False,,0,,,,,,,,[],,,,
1573432420380332032,1573432420380332032,2022-09-23 22:01:36 UTC,2022-09-23,22:01:36,+0000,1087379312,besoksenin,Besok Senin Ayo Semangat,,"DPR Sahkan UU Perlindungan Data Pribadi, Diklaim Bisa Setop Teror Pinjol dan Doxing  https://t.co/eR4o7cd8hf  https://t.co/vDa5uRvIf0",in,[],['http://dlvr.it/SYtnnf'],['https://pbs.twimg.com/media/FdX0cqDaUAEABCA.jpg'],0,0,0,[],[],https://twitter.com/besoksenin/status/1573432420380332032,False,,1,https://pbs.twimg.com/media/FdX0cqDaUAEABCA.jpg,,,,,,,[],,,,
1573251750815236096,1573251750815236096,2022-09-23 10:03:41 UTC,2022-09-23,10:03:41,+0000,1753849801,disukaihost,nazar ‚ú∂,,CUMA BISA BILANG PENYEBARAN DATA PRIBADI DAPAT DIHUKUM PIDANA DAN KALAU ITU BUKAN KTP PELAKU TAMBAH LAGI PIDANA NYA,in,[],[],[],0,0,0,[],[],https://twitter.com/disukaiHost/status/1573251750815236096,False,https://twitter.com/foritaeyong/status/1572941961773780993,0,,,,,,,,[],,,,
1573220411097387008,1573220411097387008,2022-09-23 07:59:09 UTC,2022-09-23,07:59:09,+0000,755673247660650497,kominfodiy,Kominfo DIY,,"Sedulur, udah pada nonton Podcast Aruh Aruh Diskominfo DIY #2 Eps. 10 dengan topik ""Awas Doxing: Lindungi Diri, Lindungi Data Pribadi"" belum? ü§î  https://t.co/H1sxNn6TwF",in,[],[],[],1,0,0,[],[],https://twitter.com/kominfodiy/status/1573220411097387008,False,,1,https://pbs.twimg.com/ext_tw_video_thumb/1573220104514711553/pu/img/IUQ-Uq77FFgW-Kih.jpg,,,,,,,[],,,,
1573191488124735491,1573190746815008768,2022-09-23 06:04:13 UTC,2022-09-23,06:04:13,+0000,1301242545888849921,franken_blues,Brigadir JM,,3. Kedepan diharapkan tdk terjadi lagi kasus pencurian serta pemalsuan data serta doxing yg meresahkan masyarakat selama ini. Negara menjamin hak rakyat atas keamanan data pribadi   #PelindunganDataPribadi #DPRuntukNegeri Terus mendengar aspirasi rakyat  https://t.co/3kgH8wqYdw,in,[],['https://news.detik.com/berita/d-6301493/tok-paripurna-dpr-sahkan-ruu-perlindungan-data-pribadi'],[],0,34,36,"['pelindungandatapribadi', 'dpruntuknegeri']",[],https://twitter.com/Franken_blues/status/1573191488124735491,False,,0,,,,,,,,[],,,,
1572945686123155456,1572943802658324486,2022-09-22 13:47:30 UTC,2022-09-22,13:47:30,+0000,1572482866097041408,_kang_bakso_,Kang Bakso,,"Selain mengancam membawa ke ranah hukum, Afi juga pernah mengancam membuka data pribadi jurnalis yang menulis berita tentang Afi pada tahun 2017.  Pada kasus lain di tahun 2017, Afi bahkan tak segan doxing no.WA Gilang dan memprovokasi netizen untuk menyerang Gilang  https://t.co/JtVA6xXmsv",in,[],[],"['https://pbs.twimg.com/media/FdQ5r2-aEAINGLX.jpg', 'https://pbs.twimg.com/media/FdQ5t9eakAIrB3n.jpg', 'https://pbs.twimg.com/media/FdQ5vhiagAEQX0B.jpg', 'https://pbs.twimg.com/media/FdQ5vvSaUAEUSGZ.jpg']",0,0,3,[],[],https://twitter.com/_kang_bakso_/status/1572945686123155456,False,,1,https://pbs.twimg.com/media/FdQ5r2-aEAINGLX.jpg,,,,,,,[],,,,
1572818751418159104,1572818751418159104,2022-09-22 05:23:06 UTC,2022-09-22,05:23:06,+0000,1566036404118835200,ikenurule,Ike Nurul,,"Kita juga perlu tahu, penyebaran data pribadi kita kemana saja #kitapunyapdp Manfaat UU PDP",in,[],[],[],0,0,0,['kitapunyapdp'],[],https://twitter.com/IkeNurule/status/1572818751418159104,False,,0,,,,,,,,[],,,,
1572818532248977409,1572818532248977409,2022-09-22 05:22:14 UTC,2022-09-22,05:22:14,+0000,1476441901842636808,cacaawwww22,sabilla,,"gaperlu lagi cemas dengan adanya penyebaran data pribadi kita lagi, karna sudah dilindungi UU PDP #kitapunyapdp Manfaat UU PDP  https://t.co/y56CQY75TD",in,[],[],['https://pbs.twimg.com/media/FdPGHQiaEAEYTq9.jpg'],0,0,0,['kitapunyapdp'],[],https://twitter.com/cacaawwww22/status/1572818532248977409,False,,1,https://pbs.twimg.com/media/FdPGHQiaEAEYTq9.jpg,,,,,,,[],,,,
1572813058644529152,1572813058644529152,2022-09-22 05:00:29 UTC,2022-09-22,05:00:29,+0000,1535591316935286784,xxcchildhood,Chill,,"Akhir2 ini masyarakat diresahkan oleh kebocoran data pribadi, apalagi di era digital seperti skrg semakin mudah penyebaran datanya. Maka mulai 20 sept 2022 pemerintah mengeluarkan Undang-Undang Perlindungan Data Pribadi (UU PDP) secara SAH.   #kitapunyapdp Manfaat UU PDP  https://t.co/0p6d6gLM9z",in,[],[],['https://pbs.twimg.com/media/FdPBIzHaMAIP177.jpg'],0,0,0,['kitapunyapdp'],[],https://twitter.com/xxcchildhood/status/1572813058644529152,False,,1,https://pbs.twimg.com/media/FdPBIzHaMAIP177.jpg,,,,,,,[],,,,
1572612493448712198,1572593840326086656,2022-09-21 15:43:30 UTC,2022-09-21,15:43:30,+0000,1475305184024686593,galakxixi,Galakxixi,,@Puan_2024 Rakyat tak perlu resah lagi kalau ada ancaman penyebaran data pribadi karena sudah ada RUU nya baguss üëç Puan Lindungi Datapribadi,in,[],[],[],0,0,0,[],[],https://twitter.com/galakxixi/status/1572612493448712198,False,,0,,,,,,,,"[{'screen_name': 'Puan_2024', 'name': 'Puan 2024', 'id': '2421007989'}]",,,,
1572611610501255168,1572611610501255168,2022-09-21 15:40:00 UTC,2022-09-21,15:40:00,+0000,1287584093723660291,falkonindo,FalkonIndo,,"RUU PDP Disahkan Hari Ini, Puan Maharani: Tak Ada Lagi Tangisan Rakyat Akibat Pinjol atau Doxing  https://t.co/ehFLkBDanw #RUUPDP #PuanMaharani #DataPribadi  https://t.co/fBxAlhG1j9",in,[],['https://www.falkonindo.com/nasional/politik/20220920-ruu-pdp-disahkan-hari-ini-puan-maharani-tak-ada-lagi-tangisan-rakyat-akibat-pinjol-atau-doxing/'],['https://pbs.twimg.com/media/FdEOG7YXwAAIb0f.jpg'],0,0,0,"['ruupdp', 'puanmaharani', 'datapribadi']",[],https://twitter.com/FalkonIndo/status/1572611610501255168,False,,1,https://pbs.twimg.com/media/FdEOG7YXwAAIb0f.jpg,,,,,,,[],,,,
1572582346737717250,1572582346737717250,2022-09-21 13:43:43 UTC,2022-09-21,13:43:43,+0000,1464170262421819439,illbeyourbaby_,chia,,semoga perlindungan data pribadi warga melalui RUU PDP akan melindungi kita dari doxing yang meresahkan masyarakat selama ini. Puan Lindungi Datapribadi  https://t.co/16x7NhIyRq  https://t.co/7yF5eBwklC,in,[],['https://www.jpnn.com/news/ruu-pdp-disahkan-dpr-di-bawah-kepemimpinan-puan-mendapat-apresiasi'],['https://pbs.twimg.com/media/FdLvTywagAE2Kbs.jpg'],0,0,0,[],[],https://twitter.com/illbeyourbaby_/status/1572582346737717250,False,,1,https://pbs.twimg.com/media/FdLvTywagAE2Kbs.jpg,,,,,,,[],,,,
1572572410704179202,1572572410704179202,2022-09-21 13:04:14 UTC,2022-09-21,13:04:14,+0000,1536975210615672832,palmyutami,palmy,,RUU PDIP disahkan hari ini dan Puan Maharani tak ada lagi tanya sama rakyat akibat pinjal pinjol atau doxing sejarah bagi Indonesia dalam melindungi data pribadi warga negaranya dan segala bentuk kejahatan di era digital ini Puan Lindungi Datapribadi  https://t.co/wGbgdzMQF7,in,[],[],['https://pbs.twimg.com/media/FdLmQsSaMAER790.jpg'],0,0,0,[],[],https://twitter.com/palmyutami/status/1572572410704179202,False,,1,https://pbs.twimg.com/media/FdLmQsSaMAER790.jpg,,,,,,,[],,,,
1572571730627137538,1572571730627137538,2022-09-21 13:01:32 UTC,2022-09-21,13:01:32,+0000,1501738142218727425,1pinkii2,Pinki 5,,‚ù§Ô∏è‚ù§Ô∏èsemoga perlindungan data pribadi warga melalui RUU PDP akan melindungi kita dari doxing yang meresahkan. Puan Lindungi Datapribadi‚ù§Ô∏è‚ù§Ô∏è  https://t.co/oIspL7ZsRN  https://t.co/zRah157l0K,in,[],['https://www.jpnn.com/news/ruu-pdp-disahkan-dpr-di-bawah-kepemimpinan-puan-mendapat-apresiasi'],['https://pbs.twimg.com/media/FdLlpgtaMAABTTv.jpg'],0,0,0,[],[],https://twitter.com/1Pinkii2/status/1572571730627137538,False,,1,https://pbs.twimg.com/media/FdLlpgtaMAABTTv.jpg,,,,,,,[],,,,
1572571596837244931,1572571596837244931,2022-09-21 13:01:00 UTC,2022-09-21,13:01:00,+0000,864807501606158336,embunpaxgi,dey,,"Semoga perlindungan data pribadi warga melalui RUU PDP ini, dapat melindungi keamanan kita dari doxing yang meresahkan. Puan Lindungi Datapribadi  https://t.co/z6YWsUT1nU  https://t.co/gfPqBrX9y4",in,[],['https://www.jpnn.com/news/ruu-pdp-disahkan-dpr-di-bawah-kepemimpinan-puan-mendapat-apresiasi'],['https://pbs.twimg.com/media/FdLlgrLagAAdVB-.jpg'],0,0,0,[],[],https://twitter.com/Embunpaxgi/status/1572571596837244931,False,,1,https://pbs.twimg.com/media/FdLlgrLagAAdVB-.jpg,,,,,,,[],,,,
1572571472975245321,1572571472975245321,2022-09-21 13:00:30 UTC,2022-09-21,13:00:30,+0000,1563334695722446849,naraya_ay,Naraya,,semoga dengan perlindungan data pribadi warga melalui RUU PDP akan melindungi kita dari doxing yang meresahkan ini.  Puan Lindungi Datapribadi  https://t.co/XxPeHuRLRB  https://t.co/vzdr7JdjQH,in,[],['https://www.jpnn.com/news/ruu-pdp-disahkan-dpr-di-bawah-kepemimpinan-puan-mendapat-apresiasi'],['https://pbs.twimg.com/media/FdLladcagAQN4sp.jpg'],0,0,0,[],[],https://twitter.com/Naraya_ay/status/1572571472975245321,False,,1,https://pbs.twimg.com/media/FdLladcagAQN4sp.jpg,,,,,,,[],,,,
1572571397213528064,1572571397213528064,2022-09-21 13:00:12 UTC,2022-09-21,13:00:12,+0000,1535783566332035073,kevinch0iie,Kevin Choi,,Semoga perlindungan data pribadi warga melalui RUU PDP bisa melindungi kita dari doxing yang meresahkan selama ini. Puan Lindungi Datapribadi  https://t.co/woyGRXkRDc,in,[],['https://www.jpnn.com/news/ruu-pdp-disahkan-dpr-di-bawah-kepemimpinan-puan-mendapat-apresiasi'],[],0,0,0,[],[],https://twitter.com/KevinCh0iie/status/1572571397213528064,False,,0,,,,,,,,[],,,,
1572571366024351744,1572571366024351744,2022-09-21 13:00:05 UTC,2022-09-21,13:00:05,+0000,468990773,jackfrd_,Jackson,,"Good job bu Puan Lindungi Datapribadi dong, tidak ada lagi tangisan rakyat akibat pinjol atau doxing nih keren  https://t.co/6jBQWr8DPP",in,[],[],['https://pbs.twimg.com/media/FdLDtd8aAAIz6z6.jpg'],0,0,0,[],[],https://twitter.com/jackfrd_/status/1572571366024351744,False,,1,https://pbs.twimg.com/media/FdLDtd8aAAIz6z6.jpg,,,,,,,[],,,,
1572571364292235265,1572571364292235265,2022-09-21 13:00:04 UTC,2022-09-21,13:00:04,+0000,1521347973585596417,sofiapangaribu1,Sofia Pangaribuan,,Kami berdoa semoga perlindungan data pribadi warga melalui RUU PDP akan melindungi kita dari doxing yang meresahkan. Puan Lindungi Datapribadi    https://t.co/E6PFncNEMa  https://t.co/ZVM2nFjCx6,in,[],['https://www.jpnn.com/news/ruu-pdp-disahkan-dpr-di-bawah-kepemimpinan-puan-mendapat-apresiasi'],['https://pbs.twimg.com/media/FdLSNkFaMAIWUr2.jpg'],0,0,0,[],[],https://twitter.com/SofiaPangaribu1/status/1572571364292235265,False,,1,https://pbs.twimg.com/media/FdLSNkFaMAIWUr2.jpg,,,,,,,[],,,,
1572571363944054785,1572571363944054785,2022-09-21 13:00:04 UTC,2022-09-21,13:00:04,+0000,1444951976500875270,gijokpoe,Gijokpoe,,semoga perlindungan data pribadi warga melalui RUU PDP akan melindungi kita dari doxing yang meresahkan. Puan Lindungi Datapribadi Dukung Keterampilan Teknologi Generasi Muda  https://t.co/JXRBrK8vbq  https://t.co/VKqpWvj35e,in,[],['https://www.jpnn.com/news/ruu-pdp-disahkan-dpr-di-bawah-kepemimpinan-puan-mendapat-apresiasi'],['https://pbs.twimg.com/media/FdLdJ25aIAAo-ZE.jpg'],0,0,0,[],[],https://twitter.com/gijokpoe/status/1572571363944054785,False,,1,https://pbs.twimg.com/media/FdLdJ25aIAAo-ZE.jpg,,,,,,,[],,,,
1572571363822342144,1572571363822342144,2022-09-21 13:00:04 UTC,2022-09-21,13:00:04,+0000,1527517050834284544,nadiaki85,Nadia,,Harapannya ini semoga perlindungan data pribadi warga dengan melalui RUU PDP akan melindungi kita dari doxing yang meresahkan itu. Puan Lindungi Datapribadi  https://t.co/njfN2rz22G  https://t.co/t64oOy91Uw,in,[],['https://www.jpnn.com/news/ruu-pdp-disahkan-dpr-di-bawah-kepemimpinan-puan-mendapat-apresiasi'],['https://pbs.twimg.com/media/FdLIYuXacAAAy7x.jpg'],0,0,0,[],[],https://twitter.com/NadiaKi85/status/1572571363822342144,False,,1,https://pbs.twimg.com/media/FdLIYuXacAAAy7x.jpg,,,,,,,[],,,,
1572571363243696129,1572571363243696129,2022-09-21 13:00:04 UTC,2022-09-21,13:00:04,+0000,1568715170964291585,cythianaya,Cythia,,"Dengan adanya RUU PDP tidak ada lagi tangisan rakyat akibat pinjaman daring yang tidak mereka minta, atau doxing yang membuat meresahkan warga Puan Lindungi Datapribadi  https://t.co/qpD56smMX6",in,[],[],['https://pbs.twimg.com/media/FdLZjG4aIAY8oXJ.jpg'],0,0,0,[],[],https://twitter.com/Cythianaya/status/1572571363243696129,False,,1,https://pbs.twimg.com/media/FdLZjG4aIAY8oXJ.jpg,,,,,,,[],,,,
1572571362626920448,1572571362626920448,2022-09-21 13:00:04 UTC,2022-09-21,13:00:04,+0000,1568715099455594504,melyndania,Melynda,,"Dengan demikian, tidak ada lagi tangisan rakyat akibat pinjaman daring yang tidak mereka minta, atau doxing yang membuat meresahkan warga Puan Lindungi Datapribadi  https://t.co/6OVra3SGIR",in,[],[],['https://pbs.twimg.com/media/FdLZjG4aIAY8oXJ.jpg'],0,0,0,[],[],https://twitter.com/Melyndania/status/1572571362626920448,False,,1,https://pbs.twimg.com/media/FdLZjG4aIAY8oXJ.jpg,,,,,,,[],,,,
1572571362320736256,1572571362320736256,2022-09-21 13:00:04 UTC,2022-09-21,13:00:04,+0000,1526470089012576256,irwanherbert,Irwan Herbert,,semoga perlindungan data pribadi warga melalui RUU PDP akan melindungi kita dari doxing yang meresahkan ya bestiee syukur lah karena . Puan Lindungi Datapribadi  https://t.co/yAaaAflHH7  https://t.co/LnSAetTSmd,in,[],['https://www.jpnn.com/news/ruu-pdp-disahkan-dpr-di-bawah-kepemimpinan-puan-mendapat-apresiasi'],['https://pbs.twimg.com/media/FdLhjZoagAMMfEU.jpg'],0,0,0,[],[],https://twitter.com/IrwanHerbert/status/1572571362320736256,False,,1,https://pbs.twimg.com/media/FdLhjZoagAMMfEU.jpg,,,,,,,[],,,,
1572571361456930817,1572571361456930817,2022-09-21 13:00:04 UTC,2022-09-21,13:00:04,+0000,1561608278148530176,miscentil,Risna Riana,,Semenjak hadirnya ibu kita lebih kondusif gak ada tangisan pinjol or doxing. Fix sih Puan Lindungi Datapribadi kita lebih safety bestie  https://t.co/RsHjL6tbbL,in,[],[],['https://pbs.twimg.com/media/FdLWzsmaUAMQ_MD.jpg'],0,0,1,[],[],https://twitter.com/miscentil/status/1572571361456930817,False,,1,https://pbs.twimg.com/media/FdLWzsmaUAMQ_MD.jpg,,,,,,,[],,,,
1572571361251233792,1572571361251233792,2022-09-21 13:00:04 UTC,2022-09-21,13:00:04,+0000,1519090137602600960,syabanimr,Mr.syabani,,semoga dengan adanya  perlindungan data pribadi warga melalui RUU PDP akan melindungi kita dari doxing yang meresahkan. Untuk lindungi rakyat juga. Puan Lindungi Datapribadi  https://t.co/7q5oj4IBN8  https://t.co/jScWolM5wv,in,[],['https://www.jpnn.com/news/ruu-pdp-disahkan-dpr-di-bawah-kepemimpinan-puan-mendapat-apresiasi'],['https://pbs.twimg.com/media/FdLJyEkakAALLsr.jpg'],0,0,0,[],[],https://twitter.com/SyabaniMr/status/1572571361251233792,False,,1,https://pbs.twimg.com/media/FdLJyEkakAALLsr.jpg,,,,,,,[],,,,
1572571361037402114,1572571361037402114,2022-09-21 13:00:04 UTC,2022-09-21,13:00:04,+0000,1035841606996221952,yooksungj6,sesil,,"Bu Puan Maharani pastikan RUU PDP akan secara resmi disahkan dalam rapat paripurna, jadi tidak akan ada tangisan rakyat akibal pinjol atau doxing Puan Lindungi Datapribadi  https://t.co/BmgVdUud52  https://t.co/GaGb2UAZYJ",in,[],['https://nasional.tempo.co/read/1636224/ruu-pdp-disahkan-hari-ini-puan-maharani-tak-ada-lagi-tangisan-rakyat-akibat-pinjol-atau-doxing'],['https://pbs.twimg.com/media/FdLLjIHagAMjxRL.jpg'],0,0,0,[],[],https://twitter.com/yooksungj6/status/1572571361037402114,False,,1,https://pbs.twimg.com/media/FdLLjIHagAMjxRL.jpg,,,,,,,[],,,,
1572571359934390272,1572571359934390272,2022-09-21 13:00:03 UTC,2022-09-21,13:00:03,+0000,1384429528127197188,buatapa30019237,Buat Apa Susah,,Dengan Puan Lindungi Datapribadi dipastikan tidak ada lagi tangisan dari rakyat akibat pinjol maupun doxing  https://t.co/cWALyRTlVA,in,[],[],['https://pbs.twimg.com/media/FdLK95gacAMo4ug.jpg'],0,0,0,[],[],https://twitter.com/BuatApa30019237/status/1572571359934390272,False,,1,https://pbs.twimg.com/media/FdLK95gacAMo4ug.jpg,,,,,,,[],,,,
1572571359909117962,1572571359909117962,2022-09-21 13:00:03 UTC,2022-09-21,13:00:03,+0000,1469639919962255378,verinaryu,Veryna,,"RUU PDP Disahkan Hari Ini, Puan Maharani: Tak Ada Lagi Tangisan Rakyat Akibat Pinjol atau Doxing Puan Lindungi Datapribadi  https://t.co/wKe9LHDQ4L",in,[],[],['https://pbs.twimg.com/media/FdLZjG4aIAY8oXJ.jpg'],0,0,0,[],[],https://twitter.com/verinaryu/status/1572571359909117962,False,,1,https://pbs.twimg.com/media/FdLZjG4aIAY8oXJ.jpg,,,,,,,[],,,,
1572571358135029763,1572571358135029763,2022-09-21 13:00:03 UTC,2022-09-21,13:00:03,+0000,1527212801064054784,jevanasya,Jevana,,"RUU PDP Disahkan Hari Ini, Puan Maharani: Tak Ada Lagi Tangisan Rakyat Akibat Pinjol atau Doxing Puan Lindungi Datapribadi  https://t.co/1TLqX59ZvM",in,[],[],['https://pbs.twimg.com/media/FdLZjG4aIAY8oXJ.jpg'],0,0,0,[],[],https://twitter.com/jevanasya/status/1572571358135029763,False,,1,https://pbs.twimg.com/media/FdLZjG4aIAY8oXJ.jpg,,,,,,,[],,,,
1572571358080507905,1572571358080507905,2022-09-21 13:00:03 UTC,2022-09-21,13:00:03,+0000,1561603166956707840,geaanastasyaa,Gea Anastasya,,Sangat berharap sekali semoga perlindungan data pribadi warga melalui RUU PDP ini dapat melindungi kita semua dari doxing yg meresahkan yaa..  Puan Lindungi Datapribadi  https://t.co/PwVGtHQTmm,in,[],[],['https://pbs.twimg.com/media/FdLJy_faIAI6FRE.jpg'],0,0,0,[],[],https://twitter.com/geaanastasyaa/status/1572571358080507905,False,,1,https://pbs.twimg.com/media/FdLJy_faIAI6FRE.jpg,,,,,,,[],,,,
1572571357304557568,1572571357304557568,2022-09-21 13:00:03 UTC,2022-09-21,13:00:03,+0000,1531785745660145664,fatimah9605,fatimah9605,,"semoga perlindungan data pribadi warga melalui RUU PDP bisa selalu melindungi kita dari doxing yang membuat resah kita selama ini, Puan Lindungi Datapribadi  https://t.co/tHnKxfP0Wf",in,[],[],['https://pbs.twimg.com/media/FdLdBZeaIAABA7Z.jpg'],0,0,0,[],[],https://twitter.com/fatimah9605/status/1572571357304557568,False,,1,https://pbs.twimg.com/media/FdLdBZeaIAABA7Z.jpg,,,,,,,[],,,,
1572571355618451456,1572571355618451456,2022-09-21 13:00:02 UTC,2022-09-21,13:00:02,+0000,1873797235,dilaila45,dilaila,,Puan Maharani berharap dg disahkannya RUU PDP menjadi UU PDP tak ada lagi tangisan rakyat karena pinjol atau doxing. Puan Lindungi Datapribadi  https://t.co/JBJovKn8SL,in,[],[],['https://pbs.twimg.com/media/FdLUBd7aMAMm1m4.jpg'],0,0,0,[],[],https://twitter.com/dilaila45/status/1572571355618451456,False,,1,https://pbs.twimg.com/media/FdLUBd7aMAMm1m4.jpg,,,,,,,[],,,,
1572571355316363267,1572571355316363267,2022-09-21 13:00:02 UTC,2022-09-21,13:00:02,+0000,1499967488440029184,whongfelicia,Felicia Austin,,Setuju banget dengan adanya RUU PDP yang akan disahkan agar mencegah kebocoran data seperti sebelumnya dan tidak ada tangisan akibat pinjol dan doxing Puan Lindungi Datapribadi  https://t.co/P0yonJlBBG  https://t.co/GPJ9srEI4L,in,[],['https://news.detik.com/berita/d-6303363/sahkan-uu-pdp-kinerja-dpr-di-bawah-kepemimpinan-puan-diapresiasi'],['https://pbs.twimg.com/media/FdLHo-IaAAIuGz7.jpg'],0,0,0,[],[],https://twitter.com/WhongFelicia/status/1572571355316363267,False,,1,https://pbs.twimg.com/media/FdLHo-IaAAIuGz7.jpg,,,,,,,[],,,,
1572571354439688192,1572571354439688192,2022-09-21 13:00:02 UTC,2022-09-21,13:00:02,+0000,1499967488440029184,whongfelicia,Felicia Austin,,Setuju banget dengan adanya RUU PDP yang akan disahkan agar mencegah kebocoran data seperti sebelumnya dan tidak ada tangisan akibat pinjol dan doxing Puan Lindungi Datapribadi  https://t.co/P0yonJ40d6  https://t.co/U3rA71svbx,in,[],['https://news.detik.com/berita/d-6303363/sahkan-uu-pdp-kinerja-dpr-di-bawah-kepemimpinan-puan-diapresiasi'],['https://pbs.twimg.com/media/FdLHo-IaAAIuGz7.jpg'],0,0,0,[],[],https://twitter.com/WhongFelicia/status/1572571354439688192,False,,1,https://pbs.twimg.com/media/FdLHo-IaAAIuGz7.jpg,,,,,,,[],,,,
1572571353919594496,1572571353919594496,2022-09-21 13:00:02 UTC,2022-09-21,13:00:02,+0000,1568715434542653442,alainalaiwa,Alaina,,"Dengan demikian, tidak ada lagi tangisan rakyat akibat pinjaman daring yang tidak mereka minta, atau doxing yang membuat meresahkan warga Puan Lindungi Datapribadi  https://t.co/yhCn8gLbJN",in,[],[],['https://pbs.twimg.com/media/FdLZjG4aIAY8oXJ.jpg'],0,0,0,[],[],https://twitter.com/AlainaLaiwa/status/1572571353919594496,False,,1,https://pbs.twimg.com/media/FdLZjG4aIAY8oXJ.jpg,,,,,,,[],,,,
1572571352090877952,1572571352090877952,2022-09-21 13:00:01 UTC,2022-09-21,13:00:01,+0000,1568319497689337859,tania35961664,Tania,,semoga perlindungan data pribadi warga melalui RUU PDP akan melindungi kita dari doxing yang meresahkan. Kita semua tentunya ingin data pribadi aman  Puan Lindungi Datapribadi  https://t.co/uAoUI2dUVa  https://t.co/UPjPpJmlQg,in,[],['https://www.jpnn.com/news/ruu-pdp-disahkan-dpr-di-bawah-kepemimpinan-puan-mendapat-apresiasi'],['https://pbs.twimg.com/media/FdLQJXQagAQH5oz.jpg'],0,0,0,[],[],https://twitter.com/Tania35961664/status/1572571352090877952,False,,1,https://pbs.twimg.com/media/FdLQJXQagAQH5oz.jpg,,,,,,,[],,,,
1572571351994466304,1572571351994466304,2022-09-21 13:00:01 UTC,2022-09-21,13:00:01,+0000,1034675792188338176,bloveacc,nd‚Ä¢,,Moga aja perlindungan data pribadi masyarakat Indonesia lewat RUU PDP akan melindungi kita dari doxing yang meresahkan. Puan Lindungi Datapribadi  https://t.co/ElXAPwPrEm  https://t.co/UvCGB2r3hp,in,[],['https://www.jpnn.com/news/ruu-pdp-disahkan-dpr-di-bawah-kepemimpinan-puan-mendapat-apresiasi'],['https://pbs.twimg.com/media/FdLZgXvakAEqozS.jpg'],0,0,0,[],[],https://twitter.com/bloveacc/status/1572571351994466304,False,,1,https://pbs.twimg.com/media/FdLZgXvakAEqozS.jpg,,,,,,,[],,,,
1572571351973474304,1572571351973474304,2022-09-21 13:00:01 UTC,2022-09-21,13:00:01,+0000,1570805916320288769,wellatrisna,Wella Trisna,,semoga perlindungan data pribadi warga melalui RUU PDP akan melindungi kita dari doxing yang meresahkan. Smoga masyarakat pintar dalam menanggapi soal penipuan yg kemungkinan terjadi. Puan Lindungi Datapribadi  https://t.co/B4T9SA0VjY  https://t.co/8RbjN0n6bj,in,[],['https://www.jpnn.com/news/ruu-pdp-disahkan-dpr-di-bawah-kepemimpinan-puan-mendapat-apresiasi'],['https://pbs.twimg.com/media/FdLPnEMacAAkSdL.jpg'],0,0,0,[],[],https://twitter.com/WellaTrisna/status/1572571351973474304,False,,1,https://pbs.twimg.com/media/FdLPnEMacAAkSdL.jpg,,,,,,,[],,,,
1572571351851859970,1572571351851859970,2022-09-21 13:00:01 UTC,2022-09-21,13:00:01,+0000,1568715791679344642,rietahendri,Henrietta,,"Dengan adanya RUU PDP tidak ada lagi tangisan rakyat akibat pinjaman daring yang tidak mereka minta, atau doxing yang membuat meresahkan warga Puan Lindungi Datapribadi  https://t.co/h09VQiYQSN",in,[],[],['https://pbs.twimg.com/media/FdLZjG4aIAY8oXJ.jpg'],0,0,0,[],[],https://twitter.com/Rietahendri/status/1572571351851859970,False,,1,https://pbs.twimg.com/media/FdLZjG4aIAY8oXJ.jpg,,,,,,,[],,,,
1572571351675654144,1572571351675654144,2022-09-21 13:00:01 UTC,2022-09-21,13:00:01,+0000,1403033708701970432,pop3y3_olive,PopeyeOlive,,"RUU PDP disahkan hari ini, Puan Maharani mengatakan tak ada lagi tangisan rakyat akibat pinjol atau doxing. Puan Lindungi Datapribadi  https://t.co/WCacNmW2Zh",in,[],[],['https://pbs.twimg.com/media/FdLc8ssaUAEahsR.jpg'],0,0,0,[],[],https://twitter.com/pop3y3_olive/status/1572571351675654144,False,,1,https://pbs.twimg.com/media/FdLc8ssaUAEahsR.jpg,,,,,,,[],,,,
1572571348668481536,1572571348668481536,2022-09-21 13:00:01 UTC,2022-09-21,13:00:01,+0000,1488327822834036740,gitaarumi,Gita Arumi,,semoga perlindungan data pribadi warga melalui RUU PDP bisa untuk melindungi kita dari doxing yang meresahkan masyarakat. Puan Lindungi Datapribadi  https://t.co/JzfpSuBQ19  https://t.co/SCNoO20off,in,[],['https://www.jpnn.com/news/ruu-pdp-disahkan-dpr-di-bawah-kepemimpinan-puan-mendapat-apresiasi'],['https://pbs.twimg.com/media/FdLFvBNaEAgM1T5.jpg'],0,0,0,[],[],https://twitter.com/GitaArumi/status/1572571348668481536,False,,1,https://pbs.twimg.com/media/FdLFvBNaEAgM1T5.jpg,,,,,,,[],,,,
1572571348479590400,1572571348479590400,2022-09-21 13:00:01 UTC,2022-09-21,13:00:01,+0000,1379331515243393025,juan92410252,Juan,,"Tak ada lagi tangisan rakyat akibat pinjol atau Doxing, berkat adanya RUU PDP ini  Puan Lindungi Datapribadi  https://t.co/o5Ur6uTl2w",in,[],[],['https://pbs.twimg.com/media/FdLQxFNaEAI087A.jpg'],0,0,0,[],[],https://twitter.com/Juan92410252/status/1572571348479590400,False,,1,https://pbs.twimg.com/media/FdLQxFNaEAI087A.jpg,,,,,,,[],,,,
1572571347179511812,1572571347179511812,2022-09-21 13:00:00 UTC,2022-09-21,13:00:00,+0000,1498297961180131331,redhumanboy,Redhumanboy,,Tak ada lagi tangisan rakyat akibat pinjol atau doxing. Puan Lindungi Datapribadi  https://t.co/cqJCnfKKIB,in,[],[],['https://pbs.twimg.com/media/FdLXqCGacAAcQXX.jpg'],0,0,0,[],[],https://twitter.com/redhumanboy/status/1572571347179511812,False,,1,https://pbs.twimg.com/media/FdLXqCGacAAcQXX.jpg,,,,,,,[],,,,
1572571346223104000,1572571346223104000,2022-09-21 13:00:00 UTC,2022-09-21,13:00:00,+0000,1548575474003353601,tasyamarcelline,Tasya Marcelline,,semoga perlindungan data pribadi warga melalui RUU PDP akan melindungi kita dari doxing yang meresahkan. Puan Lindungi Datapribadi  https://t.co/iKYLNIuQ3C  https://t.co/eXxABzFYXx,in,[],['https://www.jpnn.com/news/ruu-pdp-disahkan-dpr-di-bawah-kepemimpinan-puan-mendapat-apresiasi'],['https://pbs.twimg.com/media/FdLESTtaIAAQs1t.jpg'],0,0,0,[],[],https://twitter.com/tasyamarcelline/status/1572571346223104000,False,,1,https://pbs.twimg.com/media/FdLESTtaIAAQs1t.jpg,,,,,,,[],,,,
1572571346055225344,1572571346055225344,2022-09-21 13:00:00 UTC,2022-09-21,13:00:00,+0000,1565577765499580416,tresno081,Tresno08,,Dengan RUU PDP disahkan tidak akan ada lagi tangisan rakyat pinjol atau doxing Puan Lindungi Datapribadi  https://t.co/18EU6hy8nJ  https://t.co/tCzk1XLUWZ,in,[],['https://www.jpnn.com/news/ruu-pdp-disahkan-dpr-di-bawah-kepemimpinan-puan-mendapat-apresiasi'],['https://pbs.twimg.com/media/FdLgHsvacAILPAA.jpg'],0,0,0,[],[],https://twitter.com/Tresno081/status/1572571346055225344,False,,1,https://pbs.twimg.com/media/FdLgHsvacAILPAA.jpg,,,,,,,[],,,,
1572571344809639936,1572571344809639936,2022-09-21 13:00:00 UTC,2022-09-21,13:00:00,+0000,1334510027126812676,shainingstaer,shining,,"Dengan pengesahan RUU PDP ini data pribadi kita bisa terlindungi dari segala bentuk kejahatan di era digital, seperti Pinjol ilegal atau Doxing. Puan Lindungi Datapribadi  https://t.co/Mb2IqWALmf  https://t.co/hY0cyQhlNy",in,[],['https://www.jpnn.com/news/ruu-pdp-disahkan-dpr-di-bawah-kepemimpinan-puan-mendapat-apresiasi'],['https://pbs.twimg.com/media/FdLWV12aUAIrMxj.jpg'],0,0,0,[],[],https://twitter.com/shainingstaer/status/1572571344809639936,False,,1,https://pbs.twimg.com/media/FdLWV12aUAIrMxj.jpg,,,,,,,[],,,,
1572527811017191424,1572527811017191424,2022-09-21 10:07:00 UTC,2022-09-21,10:07:00,+0000,527080951,urbanasiacom,Urbanasia,,Polri membuka kemungkinan akan bekerja sama dengan pihak luar negeri untuk memburu sosok asli dari hacker Bjorka yang telah melakukan peretasan dan penyebaran data pribadi di Indonesia.   https://t.co/p2BVqVEjE2,in,[],['https://www.urbanasia.com/buru-hacker-bjorka-polri-bakal-kerja-sama-dengan-pihak-luar-negeri-U63789'],[],0,0,0,[],[],https://twitter.com/urbanasiacom/status/1572527811017191424,False,,0,,,,,,,,[],,,,
1572527427267723264,1572506456683065344,2022-09-21 10:05:29 UTC,2022-09-21,10:05:29,+0000,271180040,divijaya,Divi Jaya,,@peninata Nah data pribadi iso digawe doxing biasane,in,[],[],[],0,0,1,[],[],https://twitter.com/divijaya/status/1572527427267723264,False,,0,,,,,,,,"[{'screen_name': 'peninata', 'name': 'Peni Sriwahyu', 'id': '1105284319'}]",,,,
1572456294791139330,1572456294791139330,2022-09-21 05:22:50 UTC,2022-09-21,05:22:50,+0000,1466864736335663106,ashrafiswanto,Ashraf Iswanto,,"Penyalahgunaan Data Pribadi Pinjol hingga Doxing, 4 Catatan UU Pelindungan Data Pribadi  https://t.co/Eq8QcUwl8T",in,[],['https://nasional.kompas.com/read/2022/09/21/09512511/penyalahgunaan-data-pribadi-pinjol-hingga-doxing-4-catatan-uu-pelindungan?utm_source=Twitter&utm_medium=Refferal&utm_campaign=Sticky_Mobile'],[],0,0,0,[],[],https://twitter.com/AshrafIswanto/status/1572456294791139330,False,,0,,,,,,,,[],,,,
1572452327755513858,1572452327755513858,2022-09-21 05:07:04 UTC,2022-09-21,05:07:04,+0000,636278070,greypunch,Speedey,,"Nanya dong... bapak/ibu wartawan   Melanggar etik atau nggak sih, kalo bikin artikel/berita yg mengandung doxing data pribadi orang lain tanpa seijin yg bersangkutan?  ü§î  @pwidakuswara @NajwaShihab @KentArockerss @PersatuanWarta1 @PokjaWartawanRI  _______",in,"[{'screen_name': 'pwidakuswara', 'name': 'patsy widakuswara', 'id': '61534021'}, {'screen_name': 'najwashihab', 'name': 'najwa shihab', 'id': '16912985'}, {'screen_name': 'kentarockerss', 'name': 'kang mas boy', 'id': '1360699897540829184'}, {'screen_name': 'persatuanwarta1', 'name': 'persatuan wartawan nasional', 'id': '1044427304481447937'}, {'screen_name': 'pokjawartawanri', 'name': 'pokja wartawan', 'id': '259707178'}]",[],[],0,0,1,[],[],https://twitter.com/greypunch/status/1572452327755513858,False,https://twitter.com/PawiAryati/status/1571404249313218560,0,,,,,,,,[],,,,
1572440619045490688,1572440619045490688,2022-09-21 04:20:32 UTC,2022-09-21,04:20:32,+0000,1430118516192014342,kipaskipas_ofc,kipaskipas_ID,,"Akhirnya UU Perlindungan Data Pribadi disahkan oleh DPR ya. Yang masih suka doxing, yakin masih mau doxing orang lain terus? #kipasgeneration #kipaskipasinaja #perlindungandatapribadi #DPR",in,[],[],[],0,0,0,"['kipasgeneration', 'kipaskipasinaja', 'perlindungandatapribadi', 'dpr']",[],https://twitter.com/Kipaskipas_ofc/status/1572440619045490688,False,,0,,,,,,,,[],,,,
1572410548972851200,1572410548972851200,2022-09-21 02:21:03 UTC,2022-09-21,02:21:03,+0000,1139033970530631680,arulpramudi,Arul Pramudi Utama,,"RUU Perlindungan Data Pribadi udah disahkan, ati ati yang suka doxing di twitter üòÇ   https://t.co/I9IosLIHzm",in,[],['https://news.detik.com/berita/d-6302589/isi-uu-perlindungan-data-pribadi-larangan-sanksi-dan-jenis-data'],[],3,0,1,[],[],https://twitter.com/ArulPramudi/status/1572410548972851200,False,,0,,,,,,,,[],,,,
1572264588439351296,1572251904843091969,2022-09-20 16:41:03 UTC,2022-09-20,16:41:03,+0000,1412781952193597443,everythingisfuk,Corleone,,"@SoundOfYogi Lu ga ngebela nat kan?   1.Kenapa pas bjorka doxing data pribadi mentri ga lu cekal dan malah hahahihi? , padahal bjorka itu udah bener"" kriminal.   2.Kenapa bahas doxing nya pas kasus nat dan ravine?, padahal ravine mencoba mengidentifikasi Nat karena dia  jelas"" meresahkan.",in,[],[],[],1,0,0,[],[],https://twitter.com/Everythingisfuk/status/1572264588439351296,False,,0,,,,,,,,"[{'screen_name': 'SoundOfYogi', 'name': 'Yogi Natasukma‚Ñ¢', 'id': '93882850'}]",,,,
1572238899950530560,1572238899950530560,2022-09-20 14:58:59 UTC,2022-09-20,14:58:59,+0000,54556077,ntanglintang_,Lintang Gumilang,,"Banyak celah penyebaran data pribadi yang bisa dicuri dan disalahgunakan untuk kejahatan. Yuk jadi nasabah bijak, lindungi diri dari kejahatan siber! Selengkapnya:  https://t.co/bTBNMXO6eL @NasabahBijak #NasabahBijak #NasabahBijakBloggingCompetition #MemberiMaknaIndonesia",in,"[{'screen_name': 'nasabahbijak', 'name': 'nasabah bijak', 'id': '1510111462005800960'}]",['https://irisansenja.com/nasabah-bijak/'],[],0,0,0,"['nasabahbijak', 'nasabahbijakbloggingcompetition', 'memberimaknaindonesia']",[],https://twitter.com/ntanglintang_/status/1572238899950530560,False,,0,,,,,,,,[],,,,
1572191636003893255,1572018426033639425,2022-09-20 11:51:10 UTC,2022-09-20,11:51:10,+0000,1167434867799277568,kei_1710,üçú,,"@SoundOfYogi Laah lu tau meaning doxing. Gw tanya ini si ravine dr sisi mana doxing nya???  Cocoklogi dia based on akun sosmed yg terpublikasi sendiri oleh yg bersangkutan, gak ada reveal data pribadi. Noh liat si afi, sampe alamat rumah aul aja di spill itu bisa kena UU ITE juga lhoooo üòÇüòÇ",in,[],[],[],1,0,2,[],[],https://twitter.com/kei_1710/status/1572191636003893255,False,,0,,,,,,,,"[{'screen_name': 'SoundOfYogi', 'name': 'Yogi Natasukma‚Ñ¢', 'id': '93882850'}]",,,,
1572181083231522818,1572018426033639425,2022-09-20 11:09:14 UTC,2022-09-20,11:09:14,+0000,2250451076,faatoolazy,Fafifu,,"@SoundOfYogi Doxing itu memaparkan data pribadi tanpa permission dengan data yg yg sebelumnya tidak dipublikasikan oleh sipemilik, sedangkan tindakan itu bukan doxing, lebih tepatnya potensial menfitnah(walau cocoklogi)  Nama itu bukan doxing kecuali dia sudah mempublikasikan",in,[],[],[],1,0,0,[],[],https://twitter.com/FaaTooLazy/status/1572181083231522818,False,,0,,,,,,,,"[{'screen_name': 'SoundOfYogi', 'name': 'Yogi Natasukma‚Ñ¢', 'id': '93882850'}]",,,,
1572130040770613249,1572130040770613249,2022-09-20 07:46:25 UTC,2022-09-20,07:46:25,+0000,755673247660650497,kominfodiy,Kominfo DIY,,"Selasa (20/09/2022), Dinas Kominfo DIY telah menyelenggarakan Podcast Aruh-Aruh Diseminasi Konten Positif ‚ÄúAwas Doxing: Lindungi Diri, Lindungi Data Pribadi‚Äù pada Senin (19/09) yang bertempat di Co-Working Space Kominfo DIY.  Selengkapnya  https://t.co/8uUETSa2Hl  https://t.co/CwNZs8PJVl",in,[],['https://www.facebook.com/kominfodiy/posts/pfbid0weJ7PFeYiPuTX2YVVsAwnus9AAPg6MC3ksj7NyCBiwwChcHMHkNerk2eVoVUrHn5l'],"['https://pbs.twimg.com/media/FdFS9_daEAEkoCs.jpg', 'https://pbs.twimg.com/media/FdFS9_RaEAMjd2t.jpg', 'https://pbs.twimg.com/media/FdFS9_eaEAEpqnw.jpg', 'https://pbs.twimg.com/media/FdFS9_gaUAA-bZO.jpg']",1,0,0,[],[],https://twitter.com/kominfodiy/status/1572130040770613249,False,,1,https://pbs.twimg.com/media/FdFS9_daEAEkoCs.jpg,,,,,,,[],,,,
1572093757386002439,1572093757386002439,2022-09-20 05:22:14 UTC,2022-09-20,05:22:14,+0000,731876024,burnthebeast,ILHAM GOD,,"ketika u membagikan data pribadi‚Äìlewat akun pribadi‚Äì secara publik di internet, terus ada orang lain yang nemuin, menurut gw itu ngga bisa termasuk doxing sih.",in,[],[],[],1,0,1,[],[],https://twitter.com/burnthebeast/status/1572093757386002439,False,https://twitter.com/waifunicorobin/status/1571821557508640768,0,,,,,,,,[],,,,
1572080532527382530,1572080532527382530,2022-09-20 04:29:41 UTC,2022-09-20,04:29:41,+0000,118646322,bisniscom,Bisnis.com,,"Disahkan Hari Ini, RUU Perlindungan Data Pribadi Mampu Tangkal Doxing?  https://t.co/jCAeSNkV3Y",in,[],['https://teknologi.bisnis.com/read/20220920/101/1579302/disahkan-hari-ini-ruu-perlindungan-data-pribadi-mampu-tangkal-doxing'],[],0,1,3,[],[],https://twitter.com/Bisniscom/status/1572080532527382530,False,,0,,,,,,,,[],,,,
1572043112117309440,1572043112117309440,2022-09-20 02:00:59 UTC,2022-09-20,02:00:59,+0000,928051513208946688,demonicarte,jan,,Parah ini muntun penyebaran data pribadi,in,[],[],[],0,0,0,[],[],https://twitter.com/demonicarte/status/1572043112117309440,False,,0,,,,,,,,[],,,,
1572010120326041601,1572010120326041601,2022-09-19 23:49:53 UTC,2022-09-19,23:49:53,+0000,258726783,sarrahgita,gitasarrah,,Salah satu penyebab doxing adalah minimnya kesadaran melindungi data pribadi di internet.  #doxing,in,[],[],[],0,0,0,['doxing'],[],https://twitter.com/sarrahgita/status/1572010120326041601,False,,0,,,,,,,,[],,,,
1572009666250674176,1572009666250674176,2022-09-19 23:48:05 UTC,2022-09-19,23:48:05,+0000,258726783,sarrahgita,gitasarrah,,Doxing berasal dari kata ‚Äúdox‚Äù singkatan dari dokumen adalah sebuah tindakan berbasis internet untuk meneliti dan menyebarluaskan informasi pribadi secara publik (termasuk data pribadi) terhadap seseorang individu atau organisasi.  #doxing,in,[],[],[],0,0,0,['doxing'],[],https://twitter.com/sarrahgita/status/1572009666250674176,False,,0,,,,,,,,[],,,,
1571891519212388358,1571891519212388358,2022-09-19 15:58:37 UTC,2022-09-19,15:58:37,+0000,1411577674632290304,rosidsinamor,Rosid Sinamor,,"Kemungkinan masih ada yang beck-Up, sehingga masih makin banyaknya  agen-agen judi slot online yang menawarkan, entah dari mana para agen slot mendapatkan nomor-nomor telpon yang merupakan data pribadi. Dan siapakah yang harus bertanggungjawab terkait penyebaran data pribadi?‚Ä¶  https://t.co/AIOcM74t5Y",in,[],[],"['https://pbs.twimg.com/media/FdB7AKtaUAElwYx.jpg', 'https://pbs.twimg.com/media/FdB7AKsaUAIr5Kc.jpg', 'https://pbs.twimg.com/media/FdB7AKqaIAAICTr.jpg']",0,0,0,[],[],https://twitter.com/RosidSinamor/status/1571891519212388358,False,https://twitter.com/keuangannews_id/status/1571492262697369601,1,https://pbs.twimg.com/media/FdB7AKtaUAElwYx.jpg,,,,,,,[],,,,
1571819610596573186,1571819610596573186,2022-09-19 11:12:52 UTC,2022-09-19,11:12:52,+0000,110054597,abangadekan,A/M,,"Udah bener gausah doxing nyebarin data pribadi, di keep aja (bahkan kalo perlu diskip) kalo ada yg kasih tau üôèüèΩ",in,[],[],[],0,0,0,[],[],https://twitter.com/abangadekan/status/1571819610596573186,False,https://twitter.com/seravineu/status/1571725015560916994,0,,,,,,,,[],,,,
1571733374661795840,1571733374661795840,2022-09-19 05:30:12 UTC,2022-09-19,05:30:12,+0000,1117529034,mediakonsumenid,Media Konsumen,,Penyalahgunaan dan Penyebaran Data Pribadi oleh Pinjol Ilegal -  https://t.co/I9jY3br4RW CC @ojkindonesia,in,"[{'screen_name': 'ojkindonesia', 'name': 'ojk indonesia', 'id': '1869673304'}]",['https://mediakonsumen.com/2022/09/19/surat-pembaca/penyalahgunaan-dan-penyebaran-data-pribadi-oleh-pinjol-ilegal?utm_source=TW&utm_medium=MediaKonsumenID&utm_campaign=medsos'],[],0,0,0,[],[],https://twitter.com/MediaKonsumenID/status/1571733374661795840,False,,0,,,,,,,,[],,,,
1571719919435390977,1571640218297708544,2022-09-19 04:36:44 UTC,2022-09-19,04:36:44,+0000,1245804938006900736,kunaonsihbeb,aduh,,@imcassiee_ @tanyakanrl Ravine ini ga salah sih kata gw. Dia cuma compile status2 yg dibikin natalie sm afi di sosmed mereka sendiri. Ga ada doxing atau sebar data pribadi apapun,in,[],[],[],0,0,3,[],[],https://twitter.com/kunaonsihbeb/status/1571719919435390977,False,,0,,,,,,,,"[{'screen_name': 'imcassiee_', 'name': 'Cassie', 'id': '1571224864207536129'}, {'screen_name': 'tanyakanrl', 'name': 'Tanyarl„Ö°Dilarang Rep LINK AFF‚Äº', 'id': '1331650559518990336'}]",,,,
1571707872509300737,1571640218297708544,2022-09-19 03:48:52 UTC,2022-09-19,03:48:52,+0000,735152425,grinrevolusen,Grin Revolusen,,"@imcassiee_ @yodahlahyeah @tanyakanrl temenmu itu seravinau itu ya? kalau iya, sebenarnya yg dia lakukan itu bkn doxing. Tidak ada data pribadi yg disebar (no hp,alamt, dll), dia hanya membandingkan 2 konten akun publik sj. Tp klo sudah main bayar lawyer gini mah sulit, kcuali temenmu itu pny duid bayar lawyer jg",in,[],[],[],2,0,7,[],[],https://twitter.com/grinrevolusen/status/1571707872509300737,False,,0,,,,,,,,"[{'screen_name': 'imcassiee_', 'name': 'Cassie', 'id': '1571224864207536129'}, {'screen_name': 'yodahlahyeah', 'name': 'DEW üíú', 'id': '1186248738022363136'}, {'screen_name': 'tanyakanrl', 'name': 'Tanyarl„Ö°Dilarang Rep LINK AFF‚Äº', 'id': '1331650559518990336'}]",,,,
1571706550401769472,1571667902759317507,2022-09-19 03:43:37 UTC,2022-09-19,03:43:37,+0000,735152425,grinrevolusen,Grin Revolusen,,"@tanyakanrl yang dilakukan seravinau itu bukan doxing gak ada data pribadi yg disebar (no hp, alamat, dll) murni hny membandingkan isi konten dr 2 akun publik, lalu audiens yg menilai sebenarnya ini bkn doxing, kalau seravino bisa cari pengacara hebat bisa deh lolos itu klo dia pny duit",in,[],[],[],0,0,1,[],[],https://twitter.com/grinrevolusen/status/1571706550401769472,False,,0,,,,,,,,"[{'screen_name': 'tanyakanrl', 'name': 'Tanyarl„Ö°Dilarang Rep LINK AFF‚Äº', 'id': '1331650559518990336'}]",,,,
1571652831148658688,1571652816342765568,2022-09-19 00:10:09 UTC,2022-09-19,00:10:09,+0000,1370309531985580037,bemfisipunej,BEM FISIP UNEJ,,"Di era globalisasi saat ini, pemanfaatan teknologi internet kian meningkat sehingga memunculkan tantangan baru dalam hal perlindungan atas data pribadi terutama dalam peningkatan praktik pengumpulan, pemanfaatan dan penyebaran data pribadi yang dimiliki oleh seseorang.  https://t.co/J4WlGSOPVR",in,[],[],['https://pbs.twimg.com/media/Fc-eRlAagAEyLZ-.jpg'],1,0,0,[],[],https://twitter.com/bemfisipunej/status/1571652831148658688,False,,1,https://pbs.twimg.com/media/Fc-eRlAagAEyLZ-.jpg,,,,,,,[],,,,
1571511002704879619,1571439801127276545,2022-09-18 14:46:34 UTC,2022-09-18,14:46:34,+0000,118446402,haeguys18,callmemartha,,"@condensedbold @seravineu Doksing (bahasa Inggris: doxing atau doxxing, berasal dari kata ""dox"", singkatan dari dokumen), adalah sebuah tindakan berbasis internet untuk meneliti dan menyebarluaskan informasi pribadi secara publik (termasuk data pribadi) terhadap seseorang individu atau organisasi.",in,[],[],[],0,0,4,[],[],https://twitter.com/Haeguys18/status/1571511002704879619,False,,0,,,,,,,,"[{'screen_name': 'condensedbold', 'name': 'Gill Sans', 'id': '1315526982088577025'}, {'screen_name': 'seravineu', 'name': 'ravine', 'id': '1037354367735590912'}]",,,,
1571486477036691459,1571439801127276545,2022-09-18 13:09:07 UTC,2022-09-18,13:09:07,+0000,479443570,translatorjemah,"Arif Rakhman, Translator, English-Indonesian",,"@donttrytoomuch @Reggna5 @bapakaokotak @seravineu Doxing adalah konsekuensi dari oversharing. Sudah diperingatkan di atas dan di mana¬≤. Ditambah negara gak becus urus data pribadi warga, harusnya jadi pengingat diri stop oversharing",in,[],[],[],0,0,0,[],[],https://twitter.com/translatorjemah/status/1571486477036691459,False,,0,,,,,,,,"[{'screen_name': 'donttrytoomuch', 'name': 'monotheism', 'id': '1284663378'}, {'screen_name': 'Reggna5', 'name': 'Ape Lu?', 'id': '1291446671918813184'}, {'screen_name': 'bapakaokotak', 'name': '„Ç§„É´„É©„É≥„Éâ', 'id': '826362903661928448'}, {'screen_name': 'seravineu', 'name': 'ravine', 'id': '1037354367735590912'}]",,,,
1571479991560601601,1571430379743068160,2022-09-18 12:43:21 UTC,2022-09-18,12:43:21,+0000,1181396872159621121,michaeljohane20,Mr. YANTO KATES,,@SCahyonugrohos @uqiiiiiii @ridwanhr Doxing yg kena UU ITE itu kalo nyebar data pribadi NIK dan tanggal lahir. Kalo foto dan nama kayaknya bukan om,in,[],[],[],1,0,3,[],[],https://twitter.com/MichaelJohane20/status/1571479991560601601,False,,0,,,,,,,,"[{'screen_name': 'SCahyonugrohos', 'name': 'cahyo nugroho s', 'id': '848345030'}, {'screen_name': 'uqiiiiiii', 'name': 'U', 'id': '266506059'}, {'screen_name': 'ridwanhr', 'name': 'Ridwan Hanif üèë', 'id': '43922847'}]",,,,
1571342584349597696,1571127337911209987,2022-09-18 03:37:20 UTC,2022-09-18,03:37:20,+0000,2207287164,hvebeenthere,TimeFlies,,"@vincentrcrd Kalo loe doxing data pribadi orang lain di akun telegram salah gak tong?  Jadi loe gak masalahin ya kalo ada orang NGEDOXING DATA PRIBADI LOE DI AKUN TELEGRAM?  MIKIIIRRR, PAKE OTAK LOE ANJINGGG!!",in,[],[],[],0,0,0,[],[],https://twitter.com/hvebeenthere/status/1571342584349597696,False,,0,,,,,,,,"[{'screen_name': 'vincentrcrd', 'name': 'Vincent Ricardo', 'id': '253096749'}]",,,,
1571309576905199616,1571044381012160513,2022-09-18 01:26:11 UTC,2022-09-18,01:26:11,+0000,40580851,imel_imel_an,ImelImelan,,"@YunMandolang @ferizandra @nirwan_anestesi @DonAdam68 coba anda buat akun telegram gak pake no telpon.. MAH bukan hacker, tapi penjual akun telegram yg dipake hacker buat doxing data pribadi jadi kena uu ite dia.. buat akun telegram gratis tapi ya harus pake no. telp  hacker ga mau pake no telp dia..ngomongin ip,  ip ya dari no telp",in,[],[],[],1,0,0,[],[],https://twitter.com/imel_imel_an/status/1571309576905199616,False,,0,,,,,,,,"[{'screen_name': 'YunMandolang', 'name': 'oden', 'id': '1069254969667182593'}, {'screen_name': 'ferizandra', 'name': 'ferizandra', 'id': '80559922'}, {'screen_name': 'nirwan_anestesi', 'name': 'Nirwan Satria', 'id': '103910267'}, {'screen_name': 'DonAdam68', 'name': 'Don Adam', 'id': '1312514755'}]",,,,
